2026-04-28 09:06:49.031 +02:00 [INF] CloudDrive starting — file logging enabled
2026-04-28 09:06:49.143 +02:00 [INF] Explorer context menu registered for sync root C:\Users\jfischerk\CloudDrive
2026-04-28 09:06:49.423 +02:00 [DBG] UI[Tray] State updated to "Disconnected"
2026-04-28 09:06:49.487 +02:00 [DBG] Watchdog executable not found at C:\Users\jfischerk\CloudDrive.Watchdog\bin\SelbstlaeuferGmbH.CloudDrive\net9.0-windows10.0.22621.0\CloudDrive.Watchdog.exe, skipping scheduled task registration
2026-04-28 09:06:49.494 +02:00 [DBG] Hosting starting
2026-04-28 09:06:49.514 +02:00 [INF] SyncEngineHostedService starting
2026-04-28 09:06:49.656 +02:00 [INF] Mount phase: "Idle" → "CheckingStale"
2026-04-28 09:06:49.950 +02:00 [INF] Explorer visual state: "Connected" -> "Disconnected"
2026-04-28 09:06:49.951 +02:00 [INF] Explorer item update notified for C:\Users\jfischerk\CloudDrive
2026-04-28 09:06:49.953 +02:00 [INF] Explorer directory update notified for C:\Users\jfischerk\CloudDrive
2026-04-28 09:06:49.954 +02:00 [INF] Explorer refresh requested for C:\Users\jfischerk\CloudDrive
2026-04-28 09:06:49.996 +02:00 [INF] Explorer refresh completed for C:\Users\jfischerk\CloudDrive (windowsRefreshed=0)
2026-04-28 09:06:50.063 +02:00 [DBG] ReRegisterWithIconAsync skipped — sync root not registered
2026-04-28 09:06:50.064 +02:00 [INF] Mount phase: "CheckingStale" → "VerifyingConnection"
2026-04-28 09:06:50.148 +02:00 [INF] Update service started. CurrentVersion=0.4.0, Repository=https://github.com/SelbstlauferGmbH/selbstlaeufer-clouddrive-windows-app
2026-04-28 09:06:50.150 +02:00 [INF] Application started. Press Ctrl+C to shut down.
2026-04-28 09:06:50.150 +02:00 [INF] Hosting environment: Production
2026-04-28 09:06:50.150 +02:00 [INF] Content root path: C:\Users\jfischerk\AppData\Local\SelbstlaeuferGmbH.CloudDrive\current
2026-04-28 09:06:50.150 +02:00 [DBG] Hosting started
2026-04-28 09:06:50.289 +02:00 [INF] Mount phase: "VerifyingConnection" → "VerifyingListing"
2026-04-28 09:06:50.291 +02:00 [INF] WebDav[ListDirectory] ActivityId=807dee74 RemotePath=/ Url=https://raw.wincasa-010.slbox.io:9443/instance_399
2026-04-28 09:06:50.308 +02:00 [INF] WebDav[ListDirectory] ActivityId=807dee74 Response=207 DurationMs=16
2026-04-28 09:06:50.317 +02:00 [INF] WebDav[ListDirectory] ActivityId=807dee74 ItemsReturned=4
2026-04-28 09:06:50.321 +02:00 [INF] Checking WebDAV lock support
2026-04-28 09:06:50.324 +02:00 [DBG] WEBDAV_REQUEST LOCK https://raw.wincasa-010.slbox.io:9443/instance_399/.clouddrive-lock-probe-e72af11773aa45c28a003f140dc2fad0.tmp Timeout=30s
2026-04-28 09:06:50.333 +02:00 [DBG] WEBDAV_RESPONSE LOCK https://raw.wincasa-010.slbox.io:9443/instance_399/.clouddrive-lock-probe-e72af11773aa45c28a003f140dc2fad0.tmp 201 8ms
2026-04-28 09:06:50.337 +02:00 [DBG] WEBDAV_REQUEST PUT https://raw.wincasa-010.slbox.io:9443/instance_399/.clouddrive-lock-probe-e72af11773aa45c28a003f140dc2fad0.tmp
2026-04-28 09:06:50.349 +02:00 [DBG] WEBDAV_RESPONSE PUT https://raw.wincasa-010.slbox.io:9443/instance_399/.clouddrive-lock-probe-e72af11773aa45c28a003f140dc2fad0.tmp 204 10ms
2026-04-28 09:06:50.351 +02:00 [DBG] WEBDAV_REQUEST PUT lock enforcement probe https://raw.wincasa-010.slbox.io:9443/instance_399/.clouddrive-lock-probe-e72af11773aa45c28a003f140dc2fad0.tmp
2026-04-28 09:06:50.355 +02:00 [DBG] WEBDAV_RESPONSE PUT lock enforcement probe https://raw.wincasa-010.slbox.io:9443/instance_399/.clouddrive-lock-probe-e72af11773aa45c28a003f140dc2fad0.tmp 423 3ms
2026-04-28 09:06:50.356 +02:00 [DBG] WEBDAV_REQUEST DELETE https://raw.wincasa-010.slbox.io:9443/instance_399/.clouddrive-lock-probe-e72af11773aa45c28a003f140dc2fad0.tmp
2026-04-28 09:06:50.362 +02:00 [DBG] WEBDAV_RESPONSE DELETE https://raw.wincasa-010.slbox.io:9443/instance_399/.clouddrive-lock-probe-e72af11773aa45c28a003f140dc2fad0.tmp 200 5ms
2026-04-28 09:06:50.364 +02:00 [DBG] WEBDAV_REQUEST UNLOCK https://raw.wincasa-010.slbox.io:9443/instance_399/.clouddrive-lock-probe-e72af11773aa45c28a003f140dc2fad0.tmp
2026-04-28 09:06:50.367 +02:00 [DBG] WEBDAV_RESPONSE UNLOCK https://raw.wincasa-010.slbox.io:9443/instance_399/.clouddrive-lock-probe-e72af11773aa45c28a003f140dc2fad0.tmp 400 3ms
2026-04-28 09:06:50.370 +02:00 [DBG] Failed to unlock WebDAV lock probe resource: /.clouddrive-lock-probe-e72af11773aa45c28a003f140dc2fad0.tmp
System.Net.Http.HttpRequestException: Response status code does not indicate success: 400 (Bad Request).
   at System.Net.Http.HttpResponseMessage.EnsureSuccessStatusCode()
   at CloudDrive.Core.WebDav.WebDavService.UnlockAsync(String remotePath, String lockToken, CancellationToken ct)
   at CloudDrive.Core.WebDav.WebDavService.CheckLockSupportAsync(CancellationToken ct)
2026-04-28 09:06:50.383 +02:00 [INF] WebDAV server locking support: "Supported". WebDAV LOCK enforcement, token-protected PUT, and token-protected DELETE succeeded.
2026-04-28 09:06:50.384 +02:00 [INF] Mount phase: "VerifyingListing" → "Registering"
2026-04-28 09:06:50.384 +02:00 [INF] Registering and connecting sync root
2026-04-28 09:06:50.576 +02:00 [INF] Sync root registered: CloudDrive!jfischerk!raw.wincasa-010.slbox.io at C:\Users\jfischerk\CloudDrive
2026-04-28 09:06:50.596 +02:00 [INF] Connected to sync root: C:\Users\jfischerk\CloudDrive
2026-04-28 09:06:50.597 +02:00 [INF] Explorer visual state: "Disconnected" -> "Connected"
2026-04-28 09:06:50.598 +02:00 [DBG] CfUpdateSyncProviderStatus set to "CF_PROVIDER_STATUS_IDLE"
2026-04-28 09:06:50.600 +02:00 [INF] Explorer item update notified for C:\Users\jfischerk\CloudDrive
2026-04-28 09:06:50.600 +02:00 [INF] Explorer directory update notified for C:\Users\jfischerk\CloudDrive
2026-04-28 09:06:50.602 +02:00 [INF] Explorer refresh requested for C:\Users\jfischerk\CloudDrive
2026-04-28 09:06:50.628 +02:00 [INF] Explorer refresh completed for C:\Users\jfischerk\CloudDrive (windowsRefreshed=0)
2026-04-28 09:06:50.776 +02:00 [INF] Re-registered sync root with icon: %SystemRoot%\system32\imageres.dll,-1043
2026-04-28 09:06:50.791 +02:00 [DBG] UI[Tray] State updated to "Syncing"
2026-04-28 09:06:50.791 +02:00 [INF] Sync root registered and connected
2026-04-28 09:06:50.791 +02:00 [INF] Mount phase: "Registering" → "Ready"
2026-04-28 09:06:50.792 +02:00 [INF] Starting network operations
2026-04-28 09:06:50.797 +02:00 [INF] Local change watcher started
2026-04-28 09:06:50.813 +02:00 [DBG] UI[Tray] State updated to "Synced"
2026-04-28 09:06:50.813 +02:00 [INF] Sync coordinator fully started
2026-04-28 09:06:50.816 +02:00 [DBG] UI[Tray] State updated to "Syncing"
2026-04-28 09:06:50.819 +02:00 [DBG] UI[Tray] State updated to "Syncing"
2026-04-28 09:06:50.834 +02:00 [DBG] WebDAV sync-collection REPORT not supported for /: Status=405
2026-04-28 09:06:50.835 +02:00 [INF] WebDav[SyncCollection] RemotePath=/ Depth=-1 Supported=false ItemsReturned=0 DurationMs=7
2026-04-28 09:06:50.837 +02:00 [INF] WebDav[ListDirectory] ActivityId=681a131d RemotePath=/ Url=https://raw.wincasa-010.slbox.io:9443/instance_399
2026-04-28 09:06:50.857 +02:00 [INF] Startup health check passed. Latency: 12ms
2026-04-28 09:06:50.866 +02:00 [INF] WebDav[ListDirectory] ActivityId=681a131d Response=207 DurationMs=28
2026-04-28 09:06:50.867 +02:00 [INF] WebDav[ListDirectory] ActivityId=681a131d ItemsReturned=4
2026-04-28 09:06:50.868 +02:00 [INF] WebDav[ListDirectory] ActivityId=98a7b433 RemotePath=/Win-CASA Url=https://raw.wincasa-010.slbox.io:9443/instance_399/Win-CASA
2026-04-28 09:06:50.876 +02:00 [DBG] WEBDAV_REQUEST LOCK https://raw.wincasa-010.slbox.io:9443/instance_399/Win-CASA/Nachweise/Dokumente_Aufgaben Timeout=600s
2026-04-28 09:06:50.877 +02:00 [INF] WebDav[ListDirectory] ActivityId=98a7b433 Response=207 DurationMs=7
2026-04-28 09:06:50.877 +02:00 [INF] WebDav[ListDirectory] ActivityId=98a7b433 ItemsReturned=0
2026-04-28 09:06:50.880 +02:00 [DBG] WEBDAV_RESPONSE LOCK https://raw.wincasa-010.slbox.io:9443/instance_399/Win-CASA/Nachweise/Dokumente_Aufgaben 404 3ms
2026-04-28 09:06:50.884 +02:00 [ERR] Propagator job failed: 9f84390cd7a51d2dd88aeb46f1fb5fd56442eb5b3ddf35d66f589e07bec5795d "DeleteRemote" C:\Users\jfischerk\CloudDrive\Win-CASA\Nachweise\Dokumente_Aufgaben
System.Net.Http.HttpRequestException: Response status code does not indicate success: 404 (Not Found).
   at System.Net.Http.HttpResponseMessage.EnsureSuccessStatusCode()
   at CloudDrive.Core.WebDav.WebDavService.LockAsync(String remotePath, WebDavLockRequest request, CancellationToken ct)
   at CloudDrive.Core.SyncEngine.WebDavLockCoordinator.AcquireWriteLockAsync(String localPath, String remotePath, CancellationToken ct)
   at CloudDrive.Core.SyncEngine.Propagator.DeleteRemoteAsync(ReconcileAction action, CancellationToken ct)
   at CloudDrive.Core.SyncEngine.Propagator.ApplyAsync(ReconcileAction action, CancellationToken ct)
   at CloudDrive.Core.SyncEngine.RetryPolicy.<>c__DisplayClass4_0.<<ExecuteAsync>b__0>d.MoveNext()
--- End of stack trace from previous location ---
   at CloudDrive.Core.SyncEngine.RetryPolicy.ExecuteAsync[T](Func`1 action, String operationName, CancellationToken ct)
   at CloudDrive.Core.SyncEngine.RetryPolicy.ExecuteAsync(Func`1 action, String operationName, CancellationToken ct)
   at CloudDrive.Core.SyncEngine.SyncCoordinator.ProcessPropagatorQueueAsync(CancellationToken ct)
2026-04-28 09:06:50.885 +02:00 [DBG] Discovery completed for C:\Users\jfischerk\CloudDrive: Local=0 Remote=2 Journal=4 Actions=4
2026-04-28 09:06:50.906 +02:00 [INF] Queued reconcile action for propagation: Type="DeleteRemote" Path=C:\Users\jfischerk\CloudDrive\sk-TEST.docx OperationId=0b498997c74df0f4d053439b5cf9c762f7069a4d3d3b1634337deaf6cff77dd7
2026-04-28 09:06:50.906 +02:00 [DBG] UI[Tray] State updated to "Error"
2026-04-28 09:06:50.907 +02:00 [DBG] WEBDAV_REQUEST LOCK https://raw.wincasa-010.slbox.io:9443/instance_399/Win-CASA/Nachweise/Dokumente_Vorgaenge Timeout=600s
2026-04-28 09:06:50.909 +02:00 [INF] Queued reconcile action for propagation: Type="DeleteRemote" Path=C:\Users\jfischerk\CloudDrive\Win-CASA OperationId=94bec428548172a6f83457b736cbacf2e12917d475fc1619dd66f102e66fd96a
2026-04-28 09:06:50.911 +02:00 [DBG] WEBDAV_RESPONSE LOCK https://raw.wincasa-010.slbox.io:9443/instance_399/Win-CASA/Nachweise/Dokumente_Vorgaenge 404 3ms
2026-04-28 09:06:50.911 +02:00 [ERR] Propagator job failed: fa5884ba9760c0fac9d8ca2181b0f4e6ba1aa8f15e08b6121ca2baa0f7e09048 "DeleteRemote" C:\Users\jfischerk\CloudDrive\Win-CASA\Nachweise\Dokumente_Vorgaenge
System.Net.Http.HttpRequestException: Response status code does not indicate success: 404 (Not Found).
   at System.Net.Http.HttpResponseMessage.EnsureSuccessStatusCode()
   at CloudDrive.Core.WebDav.WebDavService.LockAsync(String remotePath, WebDavLockRequest request, CancellationToken ct)
   at CloudDrive.Core.SyncEngine.WebDavLockCoordinator.AcquireWriteLockAsync(String localPath, String remotePath, CancellationToken ct)
   at CloudDrive.Core.SyncEngine.Propagator.DeleteRemoteAsync(ReconcileAction action, CancellationToken ct)
   at CloudDrive.Core.SyncEngine.Propagator.ApplyAsync(ReconcileAction action, CancellationToken ct)
   at CloudDrive.Core.SyncEngine.RetryPolicy.<>c__DisplayClass4_0.<<ExecuteAsync>b__0>d.MoveNext()
--- End of stack trace from previous location ---
   at CloudDrive.Core.SyncEngine.RetryPolicy.ExecuteAsync[T](Func`1 action, String operationName, CancellationToken ct)
   at CloudDrive.Core.SyncEngine.RetryPolicy.ExecuteAsync(Func`1 action, String operationName, CancellationToken ct)
   at CloudDrive.Core.SyncEngine.SyncCoordinator.ProcessPropagatorQueueAsync(CancellationToken ct)
2026-04-28 09:06:50.912 +02:00 [INF] Queued reconcile action for propagation: Type="DeleteRemote" Path=C:\Users\jfischerk\CloudDrive\Win-CASA\100MB.bin OperationId=7284e6c7d9e87ec4dafced21552067ae6cd175725056895c4fa36db912fa0961
2026-04-28 09:06:50.915 +02:00 [DBG] UI[Tray] State updated to "Error"
2026-04-28 09:06:50.916 +02:00 [DBG] WEBDAV_REQUEST LOCK https://raw.wincasa-010.slbox.io:9443/instance_399/Win-CASA/Nachweise/Drucken_POSTAUSGANG Timeout=600s
2026-04-28 09:06:50.917 +02:00 [INF] Queued reconcile action for propagation: Type="DeleteRemote" Path=C:\Users\jfischerk\CloudDrive\Win-CASA\7-ZipPortable_25.01-Test.paf.exe OperationId=6ae440eb3d68ee6bf6239074e569d1085c368dba0f0a2163aeb9e3fe9ca5dc29
2026-04-28 09:06:50.918 +02:00 [INF] Queued 4 discovery action(s): Path=C:\Users\jfischerk\CloudDrive Depth=2147483647
2026-04-28 09:06:50.918 +02:00 [INF] Remote discovery pass completed: QueuedActions=4
2026-04-28 09:06:50.919 +02:00 [DBG] WEBDAV_RESPONSE LOCK https://raw.wincasa-010.slbox.io:9443/instance_399/Win-CASA/Nachweise/Drucken_POSTAUSGANG 404 2ms
2026-04-28 09:06:50.919 +02:00 [ERR] Propagator job failed: a91951481a182760640c02119b84c8f6e3877d233480c6d2d752a9bd586fc6f9 "DeleteRemote" C:\Users\jfischerk\CloudDrive\Win-CASA\Nachweise\Drucken_POSTAUSGANG
System.Net.Http.HttpRequestException: Response status code does not indicate success: 404 (Not Found).
   at System.Net.Http.HttpResponseMessage.EnsureSuccessStatusCode()
   at CloudDrive.Core.WebDav.WebDavService.LockAsync(String remotePath, WebDavLockRequest request, CancellationToken ct)
   at CloudDrive.Core.SyncEngine.WebDavLockCoordinator.AcquireWriteLockAsync(String localPath, String remotePath, CancellationToken ct)
   at CloudDrive.Core.SyncEngine.Propagator.DeleteRemoteAsync(ReconcileAction action, CancellationToken ct)
   at CloudDrive.Core.SyncEngine.Propagator.ApplyAsync(ReconcileAction action, CancellationToken ct)
   at CloudDrive.Core.SyncEngine.RetryPolicy.<>c__DisplayClass4_0.<<ExecuteAsync>b__0>d.MoveNext()
--- End of stack trace from previous location ---
   at CloudDrive.Core.SyncEngine.RetryPolicy.ExecuteAsync[T](Func`1 action, String operationName, CancellationToken ct)
   at CloudDrive.Core.SyncEngine.RetryPolicy.ExecuteAsync(Func`1 action, String operationName, CancellationToken ct)
   at CloudDrive.Core.SyncEngine.SyncCoordinator.ProcessPropagatorQueueAsync(CancellationToken ct)
2026-04-28 09:06:50.921 +02:00 [DBG] UI[Tray] State updated to "Synced"
2026-04-28 09:06:50.925 +02:00 [DBG] UI[Tray] State updated to "Error"
2026-04-28 09:06:50.926 +02:00 [DBG] WEBDAV_REQUEST LOCK https://raw.wincasa-010.slbox.io:9443/instance_399/Win-CASA/Nachweise/E-MAIL_POSTAUSGANG Timeout=600s
2026-04-28 09:06:50.929 +02:00 [DBG] WEBDAV_RESPONSE LOCK https://raw.wincasa-010.slbox.io:9443/instance_399/Win-CASA/Nachweise/E-MAIL_POSTAUSGANG 404 3ms
2026-04-28 09:06:50.930 +02:00 [ERR] Propagator job failed: 31ebfdaf17c069066fa4b3acbb7b7ab8531b4539ba7c740619a60786ebfeca72 "DeleteRemote" C:\Users\jfischerk\CloudDrive\Win-CASA\Nachweise\E-MAIL_POSTAUSGANG
System.Net.Http.HttpRequestException: Response status code does not indicate success: 404 (Not Found).
   at System.Net.Http.HttpResponseMessage.EnsureSuccessStatusCode()
   at CloudDrive.Core.WebDav.WebDavService.LockAsync(String remotePath, WebDavLockRequest request, CancellationToken ct)
   at CloudDrive.Core.SyncEngine.WebDavLockCoordinator.AcquireWriteLockAsync(String localPath, String remotePath, CancellationToken ct)
   at CloudDrive.Core.SyncEngine.Propagator.DeleteRemoteAsync(ReconcileAction action, CancellationToken ct)
   at CloudDrive.Core.SyncEngine.Propagator.ApplyAsync(ReconcileAction action, CancellationToken ct)
   at CloudDrive.Core.SyncEngine.RetryPolicy.<>c__DisplayClass4_0.<<ExecuteAsync>b__0>d.MoveNext()
--- End of stack trace from previous location ---
   at CloudDrive.Core.SyncEngine.RetryPolicy.ExecuteAsync[T](Func`1 action, String operationName, CancellationToken ct)
   at CloudDrive.Core.SyncEngine.RetryPolicy.ExecuteAsync(Func`1 action, String operationName, CancellationToken ct)
   at CloudDrive.Core.SyncEngine.SyncCoordinator.ProcessPropagatorQueueAsync(CancellationToken ct)
2026-04-28 09:06:50.934 +02:00 [DBG] UI[Tray] State updated to "Error"
2026-04-28 09:06:50.938 +02:00 [DBG] WEBDAV_REQUEST LOCK https://raw.wincasa-010.slbox.io:9443/instance_399/Win-CASA Timeout=600s
2026-04-28 09:06:50.942 +02:00 [DBG] WEBDAV_RESPONSE LOCK https://raw.wincasa-010.slbox.io:9443/instance_399/Win-CASA 200 3ms
2026-04-28 09:06:50.942 +02:00 [DBG] Acquired temporary WebDAV lock for write: C:\Users\jfischerk\CloudDrive\Win-CASA RemotePath=/Win-CASA
2026-04-28 09:06:50.943 +02:00 [DBG] WEBDAV_REQUEST DELETE https://raw.wincasa-010.slbox.io:9443/instance_399/Win-CASA
2026-04-28 09:06:50.946 +02:00 [INF] Remote polling interval set to 30s (configured=30s, explorerWindowOpen=false)
2026-04-28 09:06:50.949 +02:00 [DBG] WEBDAV_RESPONSE DELETE https://raw.wincasa-010.slbox.io:9443/instance_399/Win-CASA 200 6ms
2026-04-28 09:06:50.967 +02:00 [INF] Propagated remote delete: /Win-CASA
2026-04-28 09:06:50.969 +02:00 [DBG] WEBDAV_REQUEST UNLOCK https://raw.wincasa-010.slbox.io:9443/instance_399/Win-CASA
2026-04-28 09:06:50.972 +02:00 [DBG] WEBDAV_RESPONSE UNLOCK https://raw.wincasa-010.slbox.io:9443/instance_399/Win-CASA 400 3ms
2026-04-28 09:06:50.973 +02:00 [DBG] Failed to release WebDAV lock: RemotePath=/Win-CASA
System.Net.Http.HttpRequestException: Response status code does not indicate success: 400 (Bad Request).
   at System.Net.Http.HttpResponseMessage.EnsureSuccessStatusCode()
   at CloudDrive.Core.WebDav.WebDavService.UnlockAsync(String remotePath, String lockToken, CancellationToken ct)
   at CloudDrive.Core.SyncEngine.WebDavLockCoordinator.UnlockSafelyAsync(String remotePath, String token, CancellationToken ct)
2026-04-28 09:06:50.978 +02:00 [INF] Propagator job completed: 94bec428548172a6f83457b736cbacf2e12917d475fc1619dd66f102e66fd96a "DeleteRemote" C:\Users\jfischerk\CloudDrive\Win-CASA
2026-04-28 09:06:50.979 +02:00 [DBG] WEBDAV_REQUEST LOCK https://raw.wincasa-010.slbox.io:9443/instance_399/Win-CASA/Nachweise/Dokumente_Aufgaben Timeout=600s
2026-04-28 09:06:50.983 +02:00 [DBG] WEBDAV_RESPONSE LOCK https://raw.wincasa-010.slbox.io:9443/instance_399/Win-CASA/Nachweise/Dokumente_Aufgaben 404 3ms
2026-04-28 09:06:50.984 +02:00 [ERR] Propagator job failed: 9f84390cd7a51d2dd88aeb46f1fb5fd56442eb5b3ddf35d66f589e07bec5795d "DeleteRemote" C:\Users\jfischerk\CloudDrive\Win-CASA\Nachweise\Dokumente_Aufgaben
System.Net.Http.HttpRequestException: Response status code does not indicate success: 404 (Not Found).
   at System.Net.Http.HttpResponseMessage.EnsureSuccessStatusCode()
   at CloudDrive.Core.WebDav.WebDavService.LockAsync(String remotePath, WebDavLockRequest request, CancellationToken ct)
   at CloudDrive.Core.SyncEngine.WebDavLockCoordinator.AcquireWriteLockAsync(String localPath, String remotePath, CancellationToken ct)
   at CloudDrive.Core.SyncEngine.Propagator.DeleteRemoteAsync(ReconcileAction action, CancellationToken ct)
   at CloudDrive.Core.SyncEngine.Propagator.ApplyAsync(ReconcileAction action, CancellationToken ct)
   at CloudDrive.Core.SyncEngine.RetryPolicy.<>c__DisplayClass4_0.<<ExecuteAsync>b__0>d.MoveNext()
--- End of stack trace from previous location ---
   at CloudDrive.Core.SyncEngine.RetryPolicy.ExecuteAsync[T](Func`1 action, String operationName, CancellationToken ct)
   at CloudDrive.Core.SyncEngine.RetryPolicy.ExecuteAsync(Func`1 action, String operationName, CancellationToken ct)
   at CloudDrive.Core.SyncEngine.SyncCoordinator.ProcessPropagatorQueueAsync(CancellationToken ct)
2026-04-28 09:06:50.987 +02:00 [DBG] UI[Tray] State updated to "Error"
2026-04-28 09:06:50.988 +02:00 [DBG] WEBDAV_REQUEST LOCK https://raw.wincasa-010.slbox.io:9443/instance_399/Win-CASA/Nachweise/Dokumente_Vorgaenge Timeout=600s
2026-04-28 09:06:50.991 +02:00 [DBG] WEBDAV_RESPONSE LOCK https://raw.wincasa-010.slbox.io:9443/instance_399/Win-CASA/Nachweise/Dokumente_Vorgaenge 404 2ms
2026-04-28 09:06:50.992 +02:00 [ERR] Propagator job failed: fa5884ba9760c0fac9d8ca2181b0f4e6ba1aa8f15e08b6121ca2baa0f7e09048 "DeleteRemote" C:\Users\jfischerk\CloudDrive\Win-CASA\Nachweise\Dokumente_Vorgaenge
System.Net.Http.HttpRequestException: Response status code does not indicate success: 404 (Not Found).
   at System.Net.Http.HttpResponseMessage.EnsureSuccessStatusCode()
   at CloudDrive.Core.WebDav.WebDavService.LockAsync(String remotePath, WebDavLockRequest request, CancellationToken ct)
   at CloudDrive.Core.SyncEngine.WebDavLockCoordinator.AcquireWriteLockAsync(String localPath, String remotePath, CancellationToken ct)
   at CloudDrive.Core.SyncEngine.Propagator.DeleteRemoteAsync(ReconcileAction action, CancellationToken ct)
   at CloudDrive.Core.SyncEngine.Propagator.ApplyAsync(ReconcileAction action, CancellationToken ct)
   at CloudDrive.Core.SyncEngine.RetryPolicy.<>c__DisplayClass4_0.<<ExecuteAsync>b__0>d.MoveNext()
--- End of stack trace from previous location ---
   at CloudDrive.Core.SyncEngine.RetryPolicy.ExecuteAsync[T](Func`1 action, String operationName, CancellationToken ct)
   at CloudDrive.Core.SyncEngine.RetryPolicy.ExecuteAsync(Func`1 action, String operationName, CancellationToken ct)
   at CloudDrive.Core.SyncEngine.SyncCoordinator.ProcessPropagatorQueueAsync(CancellationToken ct)
2026-04-28 09:06:50.995 +02:00 [DBG] UI[Tray] State updated to "Error"
2026-04-28 09:06:50.996 +02:00 [DBG] WEBDAV_REQUEST LOCK https://raw.wincasa-010.slbox.io:9443/instance_399/Win-CASA/Nachweise/Drucken_POSTAUSGANG Timeout=600s
2026-04-28 09:06:50.999 +02:00 [DBG] WEBDAV_RESPONSE LOCK https://raw.wincasa-010.slbox.io:9443/instance_399/Win-CASA/Nachweise/Drucken_POSTAUSGANG 404 2ms
2026-04-28 09:06:50.999 +02:00 [ERR] Propagator job failed: a91951481a182760640c02119b84c8f6e3877d233480c6d2d752a9bd586fc6f9 "DeleteRemote" C:\Users\jfischerk\CloudDrive\Win-CASA\Nachweise\Drucken_POSTAUSGANG
System.Net.Http.HttpRequestException: Response status code does not indicate success: 404 (Not Found).
   at System.Net.Http.HttpResponseMessage.EnsureSuccessStatusCode()
   at CloudDrive.Core.WebDav.WebDavService.LockAsync(String remotePath, WebDavLockRequest request, CancellationToken ct)
   at CloudDrive.Core.SyncEngine.WebDavLockCoordinator.AcquireWriteLockAsync(String localPath, String remotePath, CancellationToken ct)
   at CloudDrive.Core.SyncEngine.Propagator.DeleteRemoteAsync(ReconcileAction action, CancellationToken ct)
   at CloudDrive.Core.SyncEngine.Propagator.ApplyAsync(ReconcileAction action, CancellationToken ct)
   at CloudDrive.Core.SyncEngine.RetryPolicy.<>c__DisplayClass4_0.<<ExecuteAsync>b__0>d.MoveNext()
--- End of stack trace from previous location ---
   at CloudDrive.Core.SyncEngine.RetryPolicy.ExecuteAsync[T](Func`1 action, String operationName, CancellationToken ct)
   at CloudDrive.Core.SyncEngine.RetryPolicy.ExecuteAsync(Func`1 action, String operationName, CancellationToken ct)
   at CloudDrive.Core.SyncEngine.SyncCoordinator.ProcessPropagatorQueueAsync(CancellationToken ct)
2026-04-28 09:06:51.003 +02:00 [WRN] Connection lost after 3 consecutive failures
2026-04-28 09:06:51.011 +02:00 [WRN] Problem recorded: "Connection" Connection lost LocalPath=null RemotePath=https://raw.wincasa-010.slbox.io:9443/instance_399 DedupeKey=connection:https://raw.wincasa-010.slbox.io:9443/instance_399
2026-04-28 09:06:51.012 +02:00 [INF] Explorer visual state: "Connected" -> "Disconnected"
2026-04-28 09:06:51.013 +02:00 [DBG] CfUpdateSyncProviderStatus set to "CF_PROVIDER_STATUS_CONNECTIVITY_LOST"
2026-04-28 09:06:51.013 +02:00 [INF] Explorer item update notified for C:\Users\jfischerk\CloudDrive
2026-04-28 09:06:51.014 +02:00 [INF] Explorer directory update notified for C:\Users\jfischerk\CloudDrive
2026-04-28 09:06:51.015 +02:00 [INF] Explorer refresh requested for C:\Users\jfischerk\CloudDrive
2026-04-28 09:06:51.040 +02:00 [INF] Explorer refresh completed for C:\Users\jfischerk\CloudDrive (windowsRefreshed=0)
2026-04-28 09:06:51.040 +02:00 [DBG] ReRegisterWithIconAsync debounced — skipping
2026-04-28 09:06:51.043 +02:00 [INF] Mount phase: "Ready" → "ConnectionLost"
2026-04-28 09:06:51.045 +02:00 [INF] Reconnection attempt 1 — waiting 5s (disconnected 0m 0s)
2026-04-28 09:06:51.589 +02:00 [DBG] FETCH_PLACEHOLDERS callback: \Users\jfischerk\CloudDrive
2026-04-28 09:06:51.599 +02:00 [DBG] PlaceholderManager[Fetch] ActivityId=e841bf35 WebDAV not ready, rejecting: \Users\jfischerk\CloudDrive
2026-04-28 09:06:51.611 +02:00 [DBG] FETCH_PLACEHOLDERS deduplicated (cooldown): \Users\jfischerk\CloudDrive
2026-04-28 09:06:56.057 +02:00 [INF] Connection restored — resuming sync
2026-04-28 09:06:56.057 +02:00 [INF] Explorer visual state: "Disconnected" -> "Connected"
2026-04-28 09:06:56.057 +02:00 [DBG] CfUpdateSyncProviderStatus set to "CF_PROVIDER_STATUS_IDLE"
2026-04-28 09:06:56.058 +02:00 [INF] Explorer item update notified for C:\Users\jfischerk\CloudDrive
2026-04-28 09:06:56.059 +02:00 [INF] Explorer directory update notified for C:\Users\jfischerk\CloudDrive
2026-04-28 09:06:56.060 +02:00 [INF] Explorer refresh requested for C:\Users\jfischerk\CloudDrive
2026-04-28 09:06:56.084 +02:00 [INF] Explorer refresh completed for C:\Users\jfischerk\CloudDrive (windowsRefreshed=0)
2026-04-28 09:06:56.175 +02:00 [INF] Mount phase: "ConnectionLost" → "Ready"
2026-04-28 09:06:56.204 +02:00 [INF] Re-registered sync root with icon: %SystemRoot%\system32\imageres.dll,-1043
2026-04-28 09:06:57.063 +02:00 [DBG] WEBDAV_REQUEST LOCK https://raw.wincasa-010.slbox.io:9443/instance_399/Win-CASA/Nachweise/Dokumente_Aufgaben Timeout=600s
2026-04-28 09:06:57.068 +02:00 [DBG] WEBDAV_RESPONSE LOCK https://raw.wincasa-010.slbox.io:9443/instance_399/Win-CASA/Nachweise/Dokumente_Aufgaben 404 4ms
2026-04-28 09:06:57.069 +02:00 [ERR] Propagator job failed: 9f84390cd7a51d2dd88aeb46f1fb5fd56442eb5b3ddf35d66f589e07bec5795d "DeleteRemote" C:\Users\jfischerk\CloudDrive\Win-CASA\Nachweise\Dokumente_Aufgaben
System.Net.Http.HttpRequestException: Response status code does not indicate success: 404 (Not Found).
   at System.Net.Http.HttpResponseMessage.EnsureSuccessStatusCode()
   at CloudDrive.Core.WebDav.WebDavService.LockAsync(String remotePath, WebDavLockRequest request, CancellationToken ct)
   at CloudDrive.Core.SyncEngine.WebDavLockCoordinator.AcquireWriteLockAsync(String localPath, String remotePath, CancellationToken ct)
   at CloudDrive.Core.SyncEngine.Propagator.DeleteRemoteAsync(ReconcileAction action, CancellationToken ct)
   at CloudDrive.Core.SyncEngine.Propagator.ApplyAsync(ReconcileAction action, CancellationToken ct)
   at CloudDrive.Core.SyncEngine.RetryPolicy.<>c__DisplayClass4_0.<<ExecuteAsync>b__0>d.MoveNext()
--- End of stack trace from previous location ---
   at CloudDrive.Core.SyncEngine.RetryPolicy.ExecuteAsync[T](Func`1 action, String operationName, CancellationToken ct)
   at CloudDrive.Core.SyncEngine.RetryPolicy.ExecuteAsync(Func`1 action, String operationName, CancellationToken ct)
   at CloudDrive.Core.SyncEngine.SyncCoordinator.ProcessPropagatorQueueAsync(CancellationToken ct)
2026-04-28 09:06:57.073 +02:00 [DBG] UI[Tray] State updated to "Error"
2026-04-28 09:06:57.074 +02:00 [DBG] WEBDAV_REQUEST LOCK https://raw.wincasa-010.slbox.io:9443/instance_399/Win-CASA/Nachweise/Dokumente_Vorgaenge Timeout=600s
2026-04-28 09:06:57.077 +02:00 [DBG] WEBDAV_RESPONSE LOCK https://raw.wincasa-010.slbox.io:9443/instance_399/Win-CASA/Nachweise/Dokumente_Vorgaenge 404 3ms
2026-04-28 09:06:57.078 +02:00 [ERR] Propagator job failed: fa5884ba9760c0fac9d8ca2181b0f4e6ba1aa8f15e08b6121ca2baa0f7e09048 "DeleteRemote" C:\Users\jfischerk\CloudDrive\Win-CASA\Nachweise\Dokumente_Vorgaenge
System.Net.Http.HttpRequestException: Response status code does not indicate success: 404 (Not Found).
   at System.Net.Http.HttpResponseMessage.EnsureSuccessStatusCode()
   at CloudDrive.Core.WebDav.WebDavService.LockAsync(String remotePath, WebDavLockRequest request, CancellationToken ct)
   at CloudDrive.Core.SyncEngine.WebDavLockCoordinator.AcquireWriteLockAsync(String localPath, String remotePath, CancellationToken ct)
   at CloudDrive.Core.SyncEngine.Propagator.DeleteRemoteAsync(ReconcileAction action, CancellationToken ct)
   at CloudDrive.Core.SyncEngine.Propagator.ApplyAsync(ReconcileAction action, CancellationToken ct)
   at CloudDrive.Core.SyncEngine.RetryPolicy.<>c__DisplayClass4_0.<<ExecuteAsync>b__0>d.MoveNext()
--- End of stack trace from previous location ---
   at CloudDrive.Core.SyncEngine.RetryPolicy.ExecuteAsync[T](Func`1 action, String operationName, CancellationToken ct)
   at CloudDrive.Core.SyncEngine.RetryPolicy.ExecuteAsync(Func`1 action, String operationName, CancellationToken ct)
   at CloudDrive.Core.SyncEngine.SyncCoordinator.ProcessPropagatorQueueAsync(CancellationToken ct)
2026-04-28 09:06:57.081 +02:00 [DBG] UI[Tray] State updated to "Error"
2026-04-28 09:06:57.082 +02:00 [DBG] WEBDAV_REQUEST LOCK https://raw.wincasa-010.slbox.io:9443/instance_399/Win-CASA/Nachweise/Drucken_POSTAUSGANG Timeout=600s
2026-04-28 09:06:57.085 +02:00 [DBG] WEBDAV_RESPONSE LOCK https://raw.wincasa-010.slbox.io:9443/instance_399/Win-CASA/Nachweise/Drucken_POSTAUSGANG 404 3ms
2026-04-28 09:06:57.085 +02:00 [ERR] Propagator job failed: a91951481a182760640c02119b84c8f6e3877d233480c6d2d752a9bd586fc6f9 "DeleteRemote" C:\Users\jfischerk\CloudDrive\Win-CASA\Nachweise\Drucken_POSTAUSGANG
System.Net.Http.HttpRequestException: Response status code does not indicate success: 404 (Not Found).
   at System.Net.Http.HttpResponseMessage.EnsureSuccessStatusCode()
   at CloudDrive.Core.WebDav.WebDavService.LockAsync(String remotePath, WebDavLockRequest request, CancellationToken ct)
   at CloudDrive.Core.SyncEngine.WebDavLockCoordinator.AcquireWriteLockAsync(String localPath, String remotePath, CancellationToken ct)
   at CloudDrive.Core.SyncEngine.Propagator.DeleteRemoteAsync(ReconcileAction action, CancellationToken ct)
   at CloudDrive.Core.SyncEngine.Propagator.ApplyAsync(ReconcileAction action, CancellationToken ct)
   at CloudDrive.Core.SyncEngine.RetryPolicy.<>c__DisplayClass4_0.<<ExecuteAsync>b__0>d.MoveNext()
--- End of stack trace from previous location ---
   at CloudDrive.Core.SyncEngine.RetryPolicy.ExecuteAsync[T](Func`1 action, String operationName, CancellationToken ct)
   at CloudDrive.Core.SyncEngine.RetryPolicy.ExecuteAsync(Func`1 action, String operationName, CancellationToken ct)
   at CloudDrive.Core.SyncEngine.SyncCoordinator.ProcessPropagatorQueueAsync(CancellationToken ct)
2026-04-28 09:06:57.088 +02:00 [WRN] Connection lost after 3 consecutive failures
2026-04-28 09:06:57.091 +02:00 [WRN] Problem recorded: "Connection" Connection lost LocalPath=null RemotePath=https://raw.wincasa-010.slbox.io:9443/instance_399 DedupeKey=connection:https://raw.wincasa-010.slbox.io:9443/instance_399
2026-04-28 09:06:57.091 +02:00 [INF] Explorer visual state: "Connected" -> "Disconnected"
2026-04-28 09:06:57.091 +02:00 [DBG] CfUpdateSyncProviderStatus set to "CF_PROVIDER_STATUS_CONNECTIVITY_LOST"
2026-04-28 09:06:57.092 +02:00 [INF] Explorer item update notified for C:\Users\jfischerk\CloudDrive
2026-04-28 09:06:57.093 +02:00 [INF] Explorer directory update notified for C:\Users\jfischerk\CloudDrive
2026-04-28 09:06:57.093 +02:00 [INF] Explorer refresh requested for C:\Users\jfischerk\CloudDrive
2026-04-28 09:06:57.116 +02:00 [INF] Explorer refresh completed for C:\Users\jfischerk\CloudDrive (windowsRefreshed=0)
2026-04-28 09:06:57.116 +02:00 [DBG] ReRegisterWithIconAsync debounced — skipping
2026-04-28 09:06:57.118 +02:00 [INF] Mount phase: "Ready" → "ConnectionLost"
2026-04-28 09:06:57.118 +02:00 [INF] Reconnection attempt 1 — waiting 5s (disconnected 0m 0s)
2026-04-28 09:06:57.119 +02:00 [DBG] WEBDAV_REQUEST LOCK https://raw.wincasa-010.slbox.io:9443/instance_399/Win-CASA/Nachweise/E-MAIL_POSTAUSGANG Timeout=600s
2026-04-28 09:06:57.122 +02:00 [DBG] WEBDAV_RESPONSE LOCK https://raw.wincasa-010.slbox.io:9443/instance_399/Win-CASA/Nachweise/E-MAIL_POSTAUSGANG 404 3ms
2026-04-28 09:06:57.122 +02:00 [ERR] Propagator job failed: 31ebfdaf17c069066fa4b3acbb7b7ab8531b4539ba7c740619a60786ebfeca72 "DeleteRemote" C:\Users\jfischerk\CloudDrive\Win-CASA\Nachweise\E-MAIL_POSTAUSGANG
System.Net.Http.HttpRequestException: Response status code does not indicate success: 404 (Not Found).
   at System.Net.Http.HttpResponseMessage.EnsureSuccessStatusCode()
   at CloudDrive.Core.WebDav.WebDavService.LockAsync(String remotePath, WebDavLockRequest request, CancellationToken ct)
   at CloudDrive.Core.SyncEngine.WebDavLockCoordinator.AcquireWriteLockAsync(String localPath, String remotePath, CancellationToken ct)
   at CloudDrive.Core.SyncEngine.Propagator.DeleteRemoteAsync(ReconcileAction action, CancellationToken ct)
   at CloudDrive.Core.SyncEngine.Propagator.ApplyAsync(ReconcileAction action, CancellationToken ct)
   at CloudDrive.Core.SyncEngine.RetryPolicy.<>c__DisplayClass4_0.<<ExecuteAsync>b__0>d.MoveNext()
--- End of stack trace from previous location ---
   at CloudDrive.Core.SyncEngine.RetryPolicy.ExecuteAsync[T](Func`1 action, String operationName, CancellationToken ct)
   at CloudDrive.Core.SyncEngine.RetryPolicy.ExecuteAsync(Func`1 action, String operationName, CancellationToken ct)
   at CloudDrive.Core.SyncEngine.SyncCoordinator.ProcessPropagatorQueueAsync(CancellationToken ct)
2026-04-28 09:07:02.126 +02:00 [INF] Connection restored — resuming sync
2026-04-28 09:07:02.127 +02:00 [INF] Explorer visual state: "Disconnected" -> "Connected"
2026-04-28 09:07:02.127 +02:00 [DBG] CfUpdateSyncProviderStatus set to "CF_PROVIDER_STATUS_IDLE"
2026-04-28 09:07:02.127 +02:00 [INF] Explorer item update notified for C:\Users\jfischerk\CloudDrive
2026-04-28 09:07:02.128 +02:00 [INF] Explorer directory update notified for C:\Users\jfischerk\CloudDrive
2026-04-28 09:07:02.129 +02:00 [INF] Explorer refresh requested for C:\Users\jfischerk\CloudDrive
2026-04-28 09:07:02.149 +02:00 [INF] Explorer refresh completed for C:\Users\jfischerk\CloudDrive (windowsRefreshed=0)
2026-04-28 09:07:02.232 +02:00 [INF] Mount phase: "ConnectionLost" → "Ready"
2026-04-28 09:07:02.265 +02:00 [INF] Re-registered sync root with icon: %SystemRoot%\system32\imageres.dll,-1043
2026-04-28 09:07:03.165 +02:00 [DBG] WEBDAV_REQUEST LOCK https://raw.wincasa-010.slbox.io:9443/instance_399/Win-CASA/Nachweise/Dokumente_Aufgaben Timeout=600s
2026-04-28 09:07:03.170 +02:00 [DBG] WEBDAV_RESPONSE LOCK https://raw.wincasa-010.slbox.io:9443/instance_399/Win-CASA/Nachweise/Dokumente_Aufgaben 404 4ms
2026-04-28 09:07:03.171 +02:00 [ERR] Propagator job failed: 9f84390cd7a51d2dd88aeb46f1fb5fd56442eb5b3ddf35d66f589e07bec5795d "DeleteRemote" C:\Users\jfischerk\CloudDrive\Win-CASA\Nachweise\Dokumente_Aufgaben
System.Net.Http.HttpRequestException: Response status code does not indicate success: 404 (Not Found).
   at System.Net.Http.HttpResponseMessage.EnsureSuccessStatusCode()
   at CloudDrive.Core.WebDav.WebDavService.LockAsync(String remotePath, WebDavLockRequest request, CancellationToken ct)
   at CloudDrive.Core.SyncEngine.WebDavLockCoordinator.AcquireWriteLockAsync(String localPath, String remotePath, CancellationToken ct)
   at CloudDrive.Core.SyncEngine.Propagator.DeleteRemoteAsync(ReconcileAction action, CancellationToken ct)
   at CloudDrive.Core.SyncEngine.Propagator.ApplyAsync(ReconcileAction action, CancellationToken ct)
   at CloudDrive.Core.SyncEngine.RetryPolicy.<>c__DisplayClass4_0.<<ExecuteAsync>b__0>d.MoveNext()
--- End of stack trace from previous location ---
   at CloudDrive.Core.SyncEngine.RetryPolicy.ExecuteAsync[T](Func`1 action, String operationName, CancellationToken ct)
   at CloudDrive.Core.SyncEngine.RetryPolicy.ExecuteAsync(Func`1 action, String operationName, CancellationToken ct)
   at CloudDrive.Core.SyncEngine.SyncCoordinator.ProcessPropagatorQueueAsync(CancellationToken ct)
2026-04-28 09:07:03.174 +02:00 [DBG] UI[Tray] State updated to "Error"
2026-04-28 09:07:03.175 +02:00 [DBG] WEBDAV_REQUEST LOCK https://raw.wincasa-010.slbox.io:9443/instance_399/Win-CASA/Nachweise/Dokumente_Vorgaenge Timeout=600s
2026-04-28 09:07:03.179 +02:00 [DBG] WEBDAV_RESPONSE LOCK https://raw.wincasa-010.slbox.io:9443/instance_399/Win-CASA/Nachweise/Dokumente_Vorgaenge 404 3ms
2026-04-28 09:07:03.179 +02:00 [ERR] Propagator job failed: fa5884ba9760c0fac9d8ca2181b0f4e6ba1aa8f15e08b6121ca2baa0f7e09048 "DeleteRemote" C:\Users\jfischerk\CloudDrive\Win-CASA\Nachweise\Dokumente_Vorgaenge
System.Net.Http.HttpRequestException: Response status code does not indicate success: 404 (Not Found).
   at System.Net.Http.HttpResponseMessage.EnsureSuccessStatusCode()
   at CloudDrive.Core.WebDav.WebDavService.LockAsync(String remotePath, WebDavLockRequest request, CancellationToken ct)
   at CloudDrive.Core.SyncEngine.WebDavLockCoordinator.AcquireWriteLockAsync(String localPath, String remotePath, CancellationToken ct)
   at CloudDrive.Core.SyncEngine.Propagator.DeleteRemoteAsync(ReconcileAction action, CancellationToken ct)
   at CloudDrive.Core.SyncEngine.Propagator.ApplyAsync(ReconcileAction action, CancellationToken ct)
   at CloudDrive.Core.SyncEngine.RetryPolicy.<>c__DisplayClass4_0.<<ExecuteAsync>b__0>d.MoveNext()
--- End of stack trace from previous location ---
   at CloudDrive.Core.SyncEngine.RetryPolicy.ExecuteAsync[T](Func`1 action, String operationName, CancellationToken ct)
   at CloudDrive.Core.SyncEngine.RetryPolicy.ExecuteAsync(Func`1 action, String operationName, CancellationToken ct)
   at CloudDrive.Core.SyncEngine.SyncCoordinator.ProcessPropagatorQueueAsync(CancellationToken ct)
2026-04-28 09:07:03.182 +02:00 [DBG] UI[Tray] State updated to "Error"
2026-04-28 09:07:03.183 +02:00 [DBG] WEBDAV_REQUEST LOCK https://raw.wincasa-010.slbox.io:9443/instance_399/Win-CASA/Nachweise/Drucken_POSTAUSGANG Timeout=600s
2026-04-28 09:07:03.186 +02:00 [DBG] WEBDAV_RESPONSE LOCK https://raw.wincasa-010.slbox.io:9443/instance_399/Win-CASA/Nachweise/Drucken_POSTAUSGANG 404 2ms
2026-04-28 09:07:03.186 +02:00 [ERR] Propagator job failed: a91951481a182760640c02119b84c8f6e3877d233480c6d2d752a9bd586fc6f9 "DeleteRemote" C:\Users\jfischerk\CloudDrive\Win-CASA\Nachweise\Drucken_POSTAUSGANG
System.Net.Http.HttpRequestException: Response status code does not indicate success: 404 (Not Found).
   at System.Net.Http.HttpResponseMessage.EnsureSuccessStatusCode()
   at CloudDrive.Core.WebDav.WebDavService.LockAsync(String remotePath, WebDavLockRequest request, CancellationToken ct)
   at CloudDrive.Core.SyncEngine.WebDavLockCoordinator.AcquireWriteLockAsync(String localPath, String remotePath, CancellationToken ct)
   at CloudDrive.Core.SyncEngine.Propagator.DeleteRemoteAsync(ReconcileAction action, CancellationToken ct)
   at CloudDrive.Core.SyncEngine.Propagator.ApplyAsync(ReconcileAction action, CancellationToken ct)
   at CloudDrive.Core.SyncEngine.RetryPolicy.<>c__DisplayClass4_0.<<ExecuteAsync>b__0>d.MoveNext()
--- End of stack trace from previous location ---
   at CloudDrive.Core.SyncEngine.RetryPolicy.ExecuteAsync[T](Func`1 action, String operationName, CancellationToken ct)
   at CloudDrive.Core.SyncEngine.RetryPolicy.ExecuteAsync(Func`1 action, String operationName, CancellationToken ct)
   at CloudDrive.Core.SyncEngine.SyncCoordinator.ProcessPropagatorQueueAsync(CancellationToken ct)
2026-04-28 09:07:03.189 +02:00 [WRN] Connection lost after 3 consecutive failures
2026-04-28 09:07:03.192 +02:00 [WRN] Problem recorded: "Connection" Connection lost LocalPath=null RemotePath=https://raw.wincasa-010.slbox.io:9443/instance_399 DedupeKey=connection:https://raw.wincasa-010.slbox.io:9443/instance_399
2026-04-28 09:07:03.192 +02:00 [INF] Explorer visual state: "Connected" -> "Disconnected"
2026-04-28 09:07:03.192 +02:00 [DBG] CfUpdateSyncProviderStatus set to "CF_PROVIDER_STATUS_CONNECTIVITY_LOST"
2026-04-28 09:07:03.192 +02:00 [INF] Explorer item update notified for C:\Users\jfischerk\CloudDrive
2026-04-28 09:07:03.193 +02:00 [INF] Explorer directory update notified for C:\Users\jfischerk\CloudDrive
2026-04-28 09:07:03.194 +02:00 [INF] Explorer refresh requested for C:\Users\jfischerk\CloudDrive
2026-04-28 09:07:03.216 +02:00 [INF] Explorer refresh completed for C:\Users\jfischerk\CloudDrive (windowsRefreshed=0)
2026-04-28 09:07:03.216 +02:00 [DBG] ReRegisterWithIconAsync debounced — skipping
2026-04-28 09:07:03.218 +02:00 [INF] Mount phase: "Ready" → "ConnectionLost"
2026-04-28 09:07:03.218 +02:00 [INF] Reconnection attempt 1 — waiting 5s (disconnected 0m 0s)
2026-04-28 09:07:03.219 +02:00 [DBG] WEBDAV_REQUEST LOCK https://raw.wincasa-010.slbox.io:9443/instance_399/Win-CASA/Nachweise/E-MAIL_POSTAUSGANG Timeout=600s
2026-04-28 09:07:03.222 +02:00 [DBG] WEBDAV_RESPONSE LOCK https://raw.wincasa-010.slbox.io:9443/instance_399/Win-CASA/Nachweise/E-MAIL_POSTAUSGANG 404 3ms
2026-04-28 09:07:03.223 +02:00 [ERR] Propagator job failed: 31ebfdaf17c069066fa4b3acbb7b7ab8531b4539ba7c740619a60786ebfeca72 "DeleteRemote" C:\Users\jfischerk\CloudDrive\Win-CASA\Nachweise\E-MAIL_POSTAUSGANG
System.Net.Http.HttpRequestException: Response status code does not indicate success: 404 (Not Found).
   at System.Net.Http.HttpResponseMessage.EnsureSuccessStatusCode()
   at CloudDrive.Core.WebDav.WebDavService.LockAsync(String remotePath, WebDavLockRequest request, CancellationToken ct)
   at CloudDrive.Core.SyncEngine.WebDavLockCoordinator.AcquireWriteLockAsync(String localPath, String remotePath, CancellationToken ct)
   at CloudDrive.Core.SyncEngine.Propagator.DeleteRemoteAsync(ReconcileAction action, CancellationToken ct)
   at CloudDrive.Core.SyncEngine.Propagator.ApplyAsync(ReconcileAction action, CancellationToken ct)
   at CloudDrive.Core.SyncEngine.RetryPolicy.<>c__DisplayClass4_0.<<ExecuteAsync>b__0>d.MoveNext()
--- End of stack trace from previous location ---
   at CloudDrive.Core.SyncEngine.RetryPolicy.ExecuteAsync[T](Func`1 action, String operationName, CancellationToken ct)
   at CloudDrive.Core.SyncEngine.RetryPolicy.ExecuteAsync(Func`1 action, String operationName, CancellationToken ct)
   at CloudDrive.Core.SyncEngine.SyncCoordinator.ProcessPropagatorQueueAsync(CancellationToken ct)
2026-04-28 09:07:08.229 +02:00 [INF] Connection restored — resuming sync
2026-04-28 09:07:08.229 +02:00 [INF] Explorer visual state: "Disconnected" -> "Connected"
2026-04-28 09:07:08.230 +02:00 [DBG] CfUpdateSyncProviderStatus set to "CF_PROVIDER_STATUS_IDLE"
2026-04-28 09:07:08.230 +02:00 [INF] Explorer item update notified for C:\Users\jfischerk\CloudDrive
2026-04-28 09:07:08.231 +02:00 [INF] Explorer directory update notified for C:\Users\jfischerk\CloudDrive
2026-04-28 09:07:08.232 +02:00 [INF] Explorer refresh requested for C:\Users\jfischerk\CloudDrive
2026-04-28 09:07:08.253 +02:00 [INF] Explorer refresh completed for C:\Users\jfischerk\CloudDrive (windowsRefreshed=0)
2026-04-28 09:07:08.335 +02:00 [INF] Mount phase: "ConnectionLost" → "Ready"
2026-04-28 09:07:08.367 +02:00 [INF] Re-registered sync root with icon: %SystemRoot%\system32\imageres.dll,-1043
2026-04-28 09:07:09.264 +02:00 [DBG] WEBDAV_REQUEST LOCK https://raw.wincasa-010.slbox.io:9443/instance_399/Win-CASA/Nachweise/Dokumente_Aufgaben Timeout=600s
2026-04-28 09:07:09.269 +02:00 [DBG] WEBDAV_RESPONSE LOCK https://raw.wincasa-010.slbox.io:9443/instance_399/Win-CASA/Nachweise/Dokumente_Aufgaben 404 4ms
2026-04-28 09:07:09.270 +02:00 [ERR] Propagator job failed: 9f84390cd7a51d2dd88aeb46f1fb5fd56442eb5b3ddf35d66f589e07bec5795d "DeleteRemote" C:\Users\jfischerk\CloudDrive\Win-CASA\Nachweise\Dokumente_Aufgaben
System.Net.Http.HttpRequestException: Response status code does not indicate success: 404 (Not Found).
   at System.Net.Http.HttpResponseMessage.EnsureSuccessStatusCode()
   at CloudDrive.Core.WebDav.WebDavService.LockAsync(String remotePath, WebDavLockRequest request, CancellationToken ct)
   at CloudDrive.Core.SyncEngine.WebDavLockCoordinator.AcquireWriteLockAsync(String localPath, String remotePath, CancellationToken ct)
   at CloudDrive.Core.SyncEngine.Propagator.DeleteRemoteAsync(ReconcileAction action, CancellationToken ct)
   at CloudDrive.Core.SyncEngine.Propagator.ApplyAsync(ReconcileAction action, CancellationToken ct)
   at CloudDrive.Core.SyncEngine.RetryPolicy.<>c__DisplayClass4_0.<<ExecuteAsync>b__0>d.MoveNext()
--- End of stack trace from previous location ---
   at CloudDrive.Core.SyncEngine.RetryPolicy.ExecuteAsync[T](Func`1 action, String operationName, CancellationToken ct)
   at CloudDrive.Core.SyncEngine.RetryPolicy.ExecuteAsync(Func`1 action, String operationName, CancellationToken ct)
   at CloudDrive.Core.SyncEngine.SyncCoordinator.ProcessPropagatorQueueAsync(CancellationToken ct)
2026-04-28 09:07:09.273 +02:00 [DBG] UI[Tray] State updated to "Error"
2026-04-28 09:07:09.274 +02:00 [DBG] WEBDAV_REQUEST LOCK https://raw.wincasa-010.slbox.io:9443/instance_399/Win-CASA/Nachweise/Dokumente_Vorgaenge Timeout=600s
2026-04-28 09:07:09.278 +02:00 [DBG] WEBDAV_RESPONSE LOCK https://raw.wincasa-010.slbox.io:9443/instance_399/Win-CASA/Nachweise/Dokumente_Vorgaenge 404 3ms
2026-04-28 09:07:09.278 +02:00 [ERR] Propagator job failed: fa5884ba9760c0fac9d8ca2181b0f4e6ba1aa8f15e08b6121ca2baa0f7e09048 "DeleteRemote" C:\Users\jfischerk\CloudDrive\Win-CASA\Nachweise\Dokumente_Vorgaenge
System.Net.Http.HttpRequestException: Response status code does not indicate success: 404 (Not Found).
   at System.Net.Http.HttpResponseMessage.EnsureSuccessStatusCode()
   at CloudDrive.Core.WebDav.WebDavService.LockAsync(String remotePath, WebDavLockRequest request, CancellationToken ct)
   at CloudDrive.Core.SyncEngine.WebDavLockCoordinator.AcquireWriteLockAsync(String localPath, String remotePath, CancellationToken ct)
   at CloudDrive.Core.SyncEngine.Propagator.DeleteRemoteAsync(ReconcileAction action, CancellationToken ct)
   at CloudDrive.Core.SyncEngine.Propagator.ApplyAsync(ReconcileAction action, CancellationToken ct)
   at CloudDrive.Core.SyncEngine.RetryPolicy.<>c__DisplayClass4_0.<<ExecuteAsync>b__0>d.MoveNext()
--- End of stack trace from previous location ---
   at CloudDrive.Core.SyncEngine.RetryPolicy.ExecuteAsync[T](Func`1 action, String operationName, CancellationToken ct)
   at CloudDrive.Core.SyncEngine.RetryPolicy.ExecuteAsync(Func`1 action, String operationName, CancellationToken ct)
   at CloudDrive.Core.SyncEngine.SyncCoordinator.ProcessPropagatorQueueAsync(CancellationToken ct)
2026-04-28 09:07:09.282 +02:00 [DBG] UI[Tray] State updated to "Error"
2026-04-28 09:07:09.283 +02:00 [DBG] WEBDAV_REQUEST LOCK https://raw.wincasa-010.slbox.io:9443/instance_399/Win-CASA/Nachweise/Drucken_POSTAUSGANG Timeout=600s
2026-04-28 09:07:09.286 +02:00 [DBG] WEBDAV_RESPONSE LOCK https://raw.wincasa-010.slbox.io:9443/instance_399/Win-CASA/Nachweise/Drucken_POSTAUSGANG 404 2ms
2026-04-28 09:07:09.286 +02:00 [ERR] Propagator job failed: a91951481a182760640c02119b84c8f6e3877d233480c6d2d752a9bd586fc6f9 "DeleteRemote" C:\Users\jfischerk\CloudDrive\Win-CASA\Nachweise\Drucken_POSTAUSGANG
System.Net.Http.HttpRequestException: Response status code does not indicate success: 404 (Not Found).
   at System.Net.Http.HttpResponseMessage.EnsureSuccessStatusCode()
   at CloudDrive.Core.WebDav.WebDavService.LockAsync(String remotePath, WebDavLockRequest request, CancellationToken ct)
   at CloudDrive.Core.SyncEngine.WebDavLockCoordinator.AcquireWriteLockAsync(String localPath, String remotePath, CancellationToken ct)
   at CloudDrive.Core.SyncEngine.Propagator.DeleteRemoteAsync(ReconcileAction action, CancellationToken ct)
   at CloudDrive.Core.SyncEngine.Propagator.ApplyAsync(ReconcileAction action, CancellationToken ct)
   at CloudDrive.Core.SyncEngine.RetryPolicy.<>c__DisplayClass4_0.<<ExecuteAsync>b__0>d.MoveNext()
--- End of stack trace from previous location ---
   at CloudDrive.Core.SyncEngine.RetryPolicy.ExecuteAsync[T](Func`1 action, String operationName, CancellationToken ct)
   at CloudDrive.Core.SyncEngine.RetryPolicy.ExecuteAsync(Func`1 action, String operationName, CancellationToken ct)
   at CloudDrive.Core.SyncEngine.SyncCoordinator.ProcessPropagatorQueueAsync(CancellationToken ct)
2026-04-28 09:07:09.289 +02:00 [WRN] Connection lost after 3 consecutive failures
2026-04-28 09:07:09.292 +02:00 [WRN] Problem recorded: "Connection" Connection lost LocalPath=null RemotePath=https://raw.wincasa-010.slbox.io:9443/instance_399 DedupeKey=connection:https://raw.wincasa-010.slbox.io:9443/instance_399
2026-04-28 09:07:09.293 +02:00 [INF] Explorer visual state: "Connected" -> "Disconnected"
2026-04-28 09:07:09.293 +02:00 [DBG] CfUpdateSyncProviderStatus set to "CF_PROVIDER_STATUS_CONNECTIVITY_LOST"
2026-04-28 09:07:09.293 +02:00 [INF] Explorer item update notified for C:\Users\jfischerk\CloudDrive
2026-04-28 09:07:09.294 +02:00 [INF] Explorer directory update notified for C:\Users\jfischerk\CloudDrive
2026-04-28 09:07:09.295 +02:00 [INF] Explorer refresh requested for C:\Users\jfischerk\CloudDrive
2026-04-28 09:07:09.317 +02:00 [INF] Explorer refresh completed for C:\Users\jfischerk\CloudDrive (windowsRefreshed=0)
2026-04-28 09:07:09.317 +02:00 [DBG] ReRegisterWithIconAsync debounced — skipping
2026-04-28 09:07:09.319 +02:00 [INF] Mount phase: "Ready" → "ConnectionLost"
2026-04-28 09:07:09.320 +02:00 [INF] Reconnection attempt 1 — waiting 5s (disconnected 0m 0s)
2026-04-28 09:07:09.320 +02:00 [DBG] WEBDAV_REQUEST LOCK https://raw.wincasa-010.slbox.io:9443/instance_399/Win-CASA/Nachweise/E-MAIL_POSTAUSGANG Timeout=600s
2026-04-28 09:07:09.323 +02:00 [DBG] WEBDAV_RESPONSE LOCK https://raw.wincasa-010.slbox.io:9443/instance_399/Win-CASA/Nachweise/E-MAIL_POSTAUSGANG 404 3ms
2026-04-28 09:07:09.323 +02:00 [ERR] Propagator job failed: 31ebfdaf17c069066fa4b3acbb7b7ab8531b4539ba7c740619a60786ebfeca72 "DeleteRemote" C:\Users\jfischerk\CloudDrive\Win-CASA\Nachweise\E-MAIL_POSTAUSGANG
System.Net.Http.HttpRequestException: Response status code does not indicate success: 404 (Not Found).
   at System.Net.Http.HttpResponseMessage.EnsureSuccessStatusCode()
   at CloudDrive.Core.WebDav.WebDavService.LockAsync(String remotePath, WebDavLockRequest request, CancellationToken ct)
   at CloudDrive.Core.SyncEngine.WebDavLockCoordinator.AcquireWriteLockAsync(String localPath, String remotePath, CancellationToken ct)
   at CloudDrive.Core.SyncEngine.Propagator.DeleteRemoteAsync(ReconcileAction action, CancellationToken ct)
   at CloudDrive.Core.SyncEngine.Propagator.ApplyAsync(ReconcileAction action, CancellationToken ct)
   at CloudDrive.Core.SyncEngine.RetryPolicy.<>c__DisplayClass4_0.<<ExecuteAsync>b__0>d.MoveNext()
--- End of stack trace from previous location ---
   at CloudDrive.Core.SyncEngine.RetryPolicy.ExecuteAsync[T](Func`1 action, String operationName, CancellationToken ct)
   at CloudDrive.Core.SyncEngine.RetryPolicy.ExecuteAsync(Func`1 action, String operationName, CancellationToken ct)
   at CloudDrive.Core.SyncEngine.SyncCoordinator.ProcessPropagatorQueueAsync(CancellationToken ct)
2026-04-28 09:07:14.331 +02:00 [INF] Connection restored — resuming sync
2026-04-28 09:07:14.331 +02:00 [INF] Explorer visual state: "Disconnected" -> "Connected"
2026-04-28 09:07:14.331 +02:00 [DBG] CfUpdateSyncProviderStatus set to "CF_PROVIDER_STATUS_IDLE"
2026-04-28 09:07:14.332 +02:00 [INF] Explorer item update notified for C:\Users\jfischerk\CloudDrive
2026-04-28 09:07:14.333 +02:00 [INF] Explorer directory update notified for C:\Users\jfischerk\CloudDrive
2026-04-28 09:07:14.334 +02:00 [INF] Explorer refresh requested for C:\Users\jfischerk\CloudDrive
2026-04-28 09:07:14.358 +02:00 [INF] Explorer refresh completed for C:\Users\jfischerk\CloudDrive (windowsRefreshed=0)
2026-04-28 09:07:14.446 +02:00 [INF] Mount phase: "ConnectionLost" → "Ready"
2026-04-28 09:07:14.481 +02:00 [INF] Re-registered sync root with icon: %SystemRoot%\system32\imageres.dll,-1043
2026-04-28 09:07:15.363 +02:00 [DBG] WEBDAV_REQUEST LOCK https://raw.wincasa-010.slbox.io:9443/instance_399/Win-CASA/Nachweise/Dokumente_Aufgaben Timeout=600s
2026-04-28 09:07:15.369 +02:00 [DBG] WEBDAV_RESPONSE LOCK https://raw.wincasa-010.slbox.io:9443/instance_399/Win-CASA/Nachweise/Dokumente_Aufgaben 404 5ms
2026-04-28 09:07:15.369 +02:00 [ERR] Propagator job failed: 9f84390cd7a51d2dd88aeb46f1fb5fd56442eb5b3ddf35d66f589e07bec5795d "DeleteRemote" C:\Users\jfischerk\CloudDrive\Win-CASA\Nachweise\Dokumente_Aufgaben
System.Net.Http.HttpRequestException: Response status code does not indicate success: 404 (Not Found).
   at System.Net.Http.HttpResponseMessage.EnsureSuccessStatusCode()
   at CloudDrive.Core.WebDav.WebDavService.LockAsync(String remotePath, WebDavLockRequest request, CancellationToken ct)
   at CloudDrive.Core.SyncEngine.WebDavLockCoordinator.AcquireWriteLockAsync(String localPath, String remotePath, CancellationToken ct)
   at CloudDrive.Core.SyncEngine.Propagator.DeleteRemoteAsync(ReconcileAction action, CancellationToken ct)
   at CloudDrive.Core.SyncEngine.Propagator.ApplyAsync(ReconcileAction action, CancellationToken ct)
   at CloudDrive.Core.SyncEngine.RetryPolicy.<>c__DisplayClass4_0.<<ExecuteAsync>b__0>d.MoveNext()
--- End of stack trace from previous location ---
   at CloudDrive.Core.SyncEngine.RetryPolicy.ExecuteAsync[T](Func`1 action, String operationName, CancellationToken ct)
   at CloudDrive.Core.SyncEngine.RetryPolicy.ExecuteAsync(Func`1 action, String operationName, CancellationToken ct)
   at CloudDrive.Core.SyncEngine.SyncCoordinator.ProcessPropagatorQueueAsync(CancellationToken ct)
2026-04-28 09:07:15.373 +02:00 [DBG] UI[Tray] State updated to "Error"
2026-04-28 09:07:15.373 +02:00 [DBG] WEBDAV_REQUEST LOCK https://raw.wincasa-010.slbox.io:9443/instance_399/Win-CASA/Nachweise/Dokumente_Vorgaenge Timeout=600s
2026-04-28 09:07:15.377 +02:00 [DBG] WEBDAV_RESPONSE LOCK https://raw.wincasa-010.slbox.io:9443/instance_399/Win-CASA/Nachweise/Dokumente_Vorgaenge 404 3ms
2026-04-28 09:07:15.377 +02:00 [ERR] Propagator job failed: fa5884ba9760c0fac9d8ca2181b0f4e6ba1aa8f15e08b6121ca2baa0f7e09048 "DeleteRemote" C:\Users\jfischerk\CloudDrive\Win-CASA\Nachweise\Dokumente_Vorgaenge
System.Net.Http.HttpRequestException: Response status code does not indicate success: 404 (Not Found).
   at System.Net.Http.HttpResponseMessage.EnsureSuccessStatusCode()
   at CloudDrive.Core.WebDav.WebDavService.LockAsync(String remotePath, WebDavLockRequest request, CancellationToken ct)
   at CloudDrive.Core.SyncEngine.WebDavLockCoordinator.AcquireWriteLockAsync(String localPath, String remotePath, CancellationToken ct)
   at CloudDrive.Core.SyncEngine.Propagator.DeleteRemoteAsync(ReconcileAction action, CancellationToken ct)
   at CloudDrive.Core.SyncEngine.Propagator.ApplyAsync(ReconcileAction action, CancellationToken ct)
   at CloudDrive.Core.SyncEngine.RetryPolicy.<>c__DisplayClass4_0.<<ExecuteAsync>b__0>d.MoveNext()
--- End of stack trace from previous location ---
   at CloudDrive.Core.SyncEngine.RetryPolicy.ExecuteAsync[T](Func`1 action, String operationName, CancellationToken ct)
   at CloudDrive.Core.SyncEngine.RetryPolicy.ExecuteAsync(Func`1 action, String operationName, CancellationToken ct)
   at CloudDrive.Core.SyncEngine.SyncCoordinator.ProcessPropagatorQueueAsync(CancellationToken ct)
2026-04-28 09:07:15.380 +02:00 [DBG] UI[Tray] State updated to "Error"
2026-04-28 09:07:15.381 +02:00 [DBG] WEBDAV_REQUEST LOCK https://raw.wincasa-010.slbox.io:9443/instance_399/Win-CASA/Nachweise/Drucken_POSTAUSGANG Timeout=600s
2026-04-28 09:07:15.384 +02:00 [DBG] WEBDAV_RESPONSE LOCK https://raw.wincasa-010.slbox.io:9443/instance_399/Win-CASA/Nachweise/Drucken_POSTAUSGANG 404 3ms
2026-04-28 09:07:15.385 +02:00 [ERR] Propagator job failed: a91951481a182760640c02119b84c8f6e3877d233480c6d2d752a9bd586fc6f9 "DeleteRemote" C:\Users\jfischerk\CloudDrive\Win-CASA\Nachweise\Drucken_POSTAUSGANG
System.Net.Http.HttpRequestException: Response status code does not indicate success: 404 (Not Found).
   at System.Net.Http.HttpResponseMessage.EnsureSuccessStatusCode()
   at CloudDrive.Core.WebDav.WebDavService.LockAsync(String remotePath, WebDavLockRequest request, CancellationToken ct)
   at CloudDrive.Core.SyncEngine.WebDavLockCoordinator.AcquireWriteLockAsync(String localPath, String remotePath, CancellationToken ct)
   at CloudDrive.Core.SyncEngine.Propagator.DeleteRemoteAsync(ReconcileAction action, CancellationToken ct)
   at CloudDrive.Core.SyncEngine.Propagator.ApplyAsync(ReconcileAction action, CancellationToken ct)
   at CloudDrive.Core.SyncEngine.RetryPolicy.<>c__DisplayClass4_0.<<ExecuteAsync>b__0>d.MoveNext()
--- End of stack trace from previous location ---
   at CloudDrive.Core.SyncEngine.RetryPolicy.ExecuteAsync[T](Func`1 action, String operationName, CancellationToken ct)
   at CloudDrive.Core.SyncEngine.RetryPolicy.ExecuteAsync(Func`1 action, String operationName, CancellationToken ct)
   at CloudDrive.Core.SyncEngine.SyncCoordinator.ProcessPropagatorQueueAsync(CancellationToken ct)
2026-04-28 09:07:15.388 +02:00 [WRN] Connection lost after 3 consecutive failures
2026-04-28 09:07:15.390 +02:00 [WRN] Problem recorded: "Connection" Connection lost LocalPath=null RemotePath=https://raw.wincasa-010.slbox.io:9443/instance_399 DedupeKey=connection:https://raw.wincasa-010.slbox.io:9443/instance_399
2026-04-28 09:07:15.390 +02:00 [INF] Explorer visual state: "Connected" -> "Disconnected"
2026-04-28 09:07:15.391 +02:00 [DBG] CfUpdateSyncProviderStatus set to "CF_PROVIDER_STATUS_CONNECTIVITY_LOST"
2026-04-28 09:07:15.391 +02:00 [INF] Explorer item update notified for C:\Users\jfischerk\CloudDrive
2026-04-28 09:07:15.392 +02:00 [INF] Explorer directory update notified for C:\Users\jfischerk\CloudDrive
2026-04-28 09:07:15.393 +02:00 [INF] Explorer refresh requested for C:\Users\jfischerk\CloudDrive
2026-04-28 09:07:15.417 +02:00 [INF] Explorer refresh completed for C:\Users\jfischerk\CloudDrive (windowsRefreshed=0)
2026-04-28 09:07:15.418 +02:00 [DBG] ReRegisterWithIconAsync debounced — skipping
2026-04-28 09:07:15.420 +02:00 [INF] Mount phase: "Ready" → "ConnectionLost"
2026-04-28 09:07:15.420 +02:00 [INF] Reconnection attempt 1 — waiting 5s (disconnected 0m 0s)
2026-04-28 09:07:15.420 +02:00 [DBG] WEBDAV_REQUEST LOCK https://raw.wincasa-010.slbox.io:9443/instance_399/Win-CASA/Nachweise/E-MAIL_POSTAUSGANG Timeout=600s
2026-04-28 09:07:15.425 +02:00 [DBG] WEBDAV_RESPONSE LOCK https://raw.wincasa-010.slbox.io:9443/instance_399/Win-CASA/Nachweise/E-MAIL_POSTAUSGANG 404 4ms
2026-04-28 09:07:15.425 +02:00 [ERR] Propagator job failed: 31ebfdaf17c069066fa4b3acbb7b7ab8531b4539ba7c740619a60786ebfeca72 "DeleteRemote" C:\Users\jfischerk\CloudDrive\Win-CASA\Nachweise\E-MAIL_POSTAUSGANG
System.Net.Http.HttpRequestException: Response status code does not indicate success: 404 (Not Found).
   at System.Net.Http.HttpResponseMessage.EnsureSuccessStatusCode()
   at CloudDrive.Core.WebDav.WebDavService.LockAsync(String remotePath, WebDavLockRequest request, CancellationToken ct)
   at CloudDrive.Core.SyncEngine.WebDavLockCoordinator.AcquireWriteLockAsync(String localPath, String remotePath, CancellationToken ct)
   at CloudDrive.Core.SyncEngine.Propagator.DeleteRemoteAsync(ReconcileAction action, CancellationToken ct)
   at CloudDrive.Core.SyncEngine.Propagator.ApplyAsync(ReconcileAction action, CancellationToken ct)
   at CloudDrive.Core.SyncEngine.RetryPolicy.<>c__DisplayClass4_0.<<ExecuteAsync>b__0>d.MoveNext()
--- End of stack trace from previous location ---
   at CloudDrive.Core.SyncEngine.RetryPolicy.ExecuteAsync[T](Func`1 action, String operationName, CancellationToken ct)
   at CloudDrive.Core.SyncEngine.RetryPolicy.ExecuteAsync(Func`1 action, String operationName, CancellationToken ct)
   at CloudDrive.Core.SyncEngine.SyncCoordinator.ProcessPropagatorQueueAsync(CancellationToken ct)
2026-04-28 09:07:20.260 +02:00 [INF] Checking GitHub Releases for updates.
2026-04-28 09:07:20.440 +02:00 [INF] Connection restored — resuming sync
2026-04-28 09:07:20.441 +02:00 [INF] Explorer visual state: "Disconnected" -> "Connected"
2026-04-28 09:07:20.441 +02:00 [DBG] CfUpdateSyncProviderStatus set to "CF_PROVIDER_STATUS_IDLE"
2026-04-28 09:07:20.441 +02:00 [INF] Explorer item update notified for C:\Users\jfischerk\CloudDrive
2026-04-28 09:07:20.442 +02:00 [INF] Explorer directory update notified for C:\Users\jfischerk\CloudDrive
2026-04-28 09:07:20.443 +02:00 [INF] Explorer refresh requested for C:\Users\jfischerk\CloudDrive
2026-04-28 09:07:20.463 +02:00 [INF] Explorer refresh completed for C:\Users\jfischerk\CloudDrive (windowsRefreshed=0)
2026-04-28 09:07:20.545 +02:00 [INF] Mount phase: "ConnectionLost" → "Ready"
2026-04-28 09:07:20.574 +02:00 [INF] Re-registered sync root with icon: %SystemRoot%\system32\imageres.dll,-1043
2026-04-28 09:07:20.961 +02:00 [DBG] UI[Tray] State updated to "Syncing"
2026-04-28 09:07:20.962 +02:00 [DBG] UI[Tray] State updated to "Syncing"
2026-04-28 09:07:20.971 +02:00 [DBG] WebDAV sync-collection REPORT not supported for /: Status=405
2026-04-28 09:07:20.971 +02:00 [INF] WebDav[SyncCollection] RemotePath=/ Depth=-1 Supported=false ItemsReturned=0 DurationMs=8
2026-04-28 09:07:20.972 +02:00 [INF] WebDav[ListDirectory] ActivityId=4f213c03 RemotePath=/ Url=https://raw.wincasa-010.slbox.io:9443/instance_399
2026-04-28 09:07:20.984 +02:00 [INF] WebDav[ListDirectory] ActivityId=4f213c03 Response=207 DurationMs=11
2026-04-28 09:07:20.984 +02:00 [INF] WebDav[ListDirectory] ActivityId=4f213c03 ItemsReturned=3
2026-04-28 09:07:20.985 +02:00 [DBG] Discovery completed for C:\Users\jfischerk\CloudDrive: Local=0 Remote=1 Journal=1 Actions=1
2026-04-28 09:07:20.989 +02:00 [INF] Queued reconcile action for propagation: Type="DeleteRemote" Path=C:\Users\jfischerk\CloudDrive\sk-TEST.docx OperationId=0b498997c74df0f4d053439b5cf9c762f7069a4d3d3b1634337deaf6cff77dd7
2026-04-28 09:07:20.989 +02:00 [INF] Queued 1 discovery action(s): Path=C:\Users\jfischerk\CloudDrive Depth=2147483647
2026-04-28 09:07:20.989 +02:00 [INF] Remote discovery pass completed: QueuedActions=1
2026-04-28 09:07:20.994 +02:00 [DBG] UI[Tray] State updated to "Synced"
2026-04-28 09:07:21.438 +02:00 [DBG] WEBDAV_REQUEST LOCK https://raw.wincasa-010.slbox.io:9443/instance_399/Win-CASA/Nachweise/Dokumente_Aufgaben Timeout=600s
2026-04-28 09:07:21.446 +02:00 [DBG] WEBDAV_RESPONSE LOCK https://raw.wincasa-010.slbox.io:9443/instance_399/Win-CASA/Nachweise/Dokumente_Aufgaben 404 8ms
2026-04-28 09:07:21.446 +02:00 [ERR] Propagator job failed: 9f84390cd7a51d2dd88aeb46f1fb5fd56442eb5b3ddf35d66f589e07bec5795d "DeleteRemote" C:\Users\jfischerk\CloudDrive\Win-CASA\Nachweise\Dokumente_Aufgaben
System.Net.Http.HttpRequestException: Response status code does not indicate success: 404 (Not Found).
   at System.Net.Http.HttpResponseMessage.EnsureSuccessStatusCode()
   at CloudDrive.Core.WebDav.WebDavService.LockAsync(String remotePath, WebDavLockRequest request, CancellationToken ct)
   at CloudDrive.Core.SyncEngine.WebDavLockCoordinator.AcquireWriteLockAsync(String localPath, String remotePath, CancellationToken ct)
   at CloudDrive.Core.SyncEngine.Propagator.DeleteRemoteAsync(ReconcileAction action, CancellationToken ct)
   at CloudDrive.Core.SyncEngine.Propagator.ApplyAsync(ReconcileAction action, CancellationToken ct)
   at CloudDrive.Core.SyncEngine.RetryPolicy.<>c__DisplayClass4_0.<<ExecuteAsync>b__0>d.MoveNext()
--- End of stack trace from previous location ---
   at CloudDrive.Core.SyncEngine.RetryPolicy.ExecuteAsync[T](Func`1 action, String operationName, CancellationToken ct)
   at CloudDrive.Core.SyncEngine.RetryPolicy.ExecuteAsync(Func`1 action, String operationName, CancellationToken ct)
   at CloudDrive.Core.SyncEngine.SyncCoordinator.ProcessPropagatorQueueAsync(CancellationToken ct)
2026-04-28 09:07:21.452 +02:00 [DBG] UI[Tray] State updated to "Error"
2026-04-28 09:07:21.453 +02:00 [DBG] WEBDAV_REQUEST LOCK https://raw.wincasa-010.slbox.io:9443/instance_399/Win-CASA/Nachweise/Dokumente_Vorgaenge Timeout=600s
2026-04-28 09:07:21.457 +02:00 [DBG] WEBDAV_RESPONSE LOCK https://raw.wincasa-010.slbox.io:9443/instance_399/Win-CASA/Nachweise/Dokumente_Vorgaenge 404 4ms
2026-04-28 09:07:21.457 +02:00 [ERR] Propagator job failed: fa5884ba9760c0fac9d8ca2181b0f4e6ba1aa8f15e08b6121ca2baa0f7e09048 "DeleteRemote" C:\Users\jfischerk\CloudDrive\Win-CASA\Nachweise\Dokumente_Vorgaenge
System.Net.Http.HttpRequestException: Response status code does not indicate success: 404 (Not Found).
   at System.Net.Http.HttpResponseMessage.EnsureSuccessStatusCode()
   at CloudDrive.Core.WebDav.WebDavService.LockAsync(String remotePath, WebDavLockRequest request, CancellationToken ct)
   at CloudDrive.Core.SyncEngine.WebDavLockCoordinator.AcquireWriteLockAsync(String localPath, String remotePath, CancellationToken ct)
   at CloudDrive.Core.SyncEngine.Propagator.DeleteRemoteAsync(ReconcileAction action, CancellationToken ct)
   at CloudDrive.Core.SyncEngine.Propagator.ApplyAsync(ReconcileAction action, CancellationToken ct)
   at CloudDrive.Core.SyncEngine.RetryPolicy.<>c__DisplayClass4_0.<<ExecuteAsync>b__0>d.MoveNext()
--- End of stack trace from previous location ---
   at CloudDrive.Core.SyncEngine.RetryPolicy.ExecuteAsync[T](Func`1 action, String operationName, CancellationToken ct)
   at CloudDrive.Core.SyncEngine.RetryPolicy.ExecuteAsync(Func`1 action, String operationName, CancellationToken ct)
   at CloudDrive.Core.SyncEngine.SyncCoordinator.ProcessPropagatorQueueAsync(CancellationToken ct)
2026-04-28 09:07:21.461 +02:00 [DBG] UI[Tray] State updated to "Error"
2026-04-28 09:07:21.462 +02:00 [DBG] WEBDAV_REQUEST LOCK https://raw.wincasa-010.slbox.io:9443/instance_399/Win-CASA/Nachweise/Drucken_POSTAUSGANG Timeout=600s
2026-04-28 09:07:21.466 +02:00 [DBG] WEBDAV_RESPONSE LOCK https://raw.wincasa-010.slbox.io:9443/instance_399/Win-CASA/Nachweise/Drucken_POSTAUSGANG 404 3ms
2026-04-28 09:07:21.466 +02:00 [ERR] Propagator job failed: a91951481a182760640c02119b84c8f6e3877d233480c6d2d752a9bd586fc6f9 "DeleteRemote" C:\Users\jfischerk\CloudDrive\Win-CASA\Nachweise\Drucken_POSTAUSGANG
System.Net.Http.HttpRequestException: Response status code does not indicate success: 404 (Not Found).
   at System.Net.Http.HttpResponseMessage.EnsureSuccessStatusCode()
   at CloudDrive.Core.WebDav.WebDavService.LockAsync(String remotePath, WebDavLockRequest request, CancellationToken ct)
   at CloudDrive.Core.SyncEngine.WebDavLockCoordinator.AcquireWriteLockAsync(String localPath, String remotePath, CancellationToken ct)
   at CloudDrive.Core.SyncEngine.Propagator.DeleteRemoteAsync(ReconcileAction action, CancellationToken ct)
   at CloudDrive.Core.SyncEngine.Propagator.ApplyAsync(ReconcileAction action, CancellationToken ct)
   at CloudDrive.Core.SyncEngine.RetryPolicy.<>c__DisplayClass4_0.<<ExecuteAsync>b__0>d.MoveNext()
--- End of stack trace from previous location ---
   at CloudDrive.Core.SyncEngine.RetryPolicy.ExecuteAsync[T](Func`1 action, String operationName, CancellationToken ct)
   at CloudDrive.Core.SyncEngine.RetryPolicy.ExecuteAsync(Func`1 action, String operationName, CancellationToken ct)
   at CloudDrive.Core.SyncEngine.SyncCoordinator.ProcessPropagatorQueueAsync(CancellationToken ct)
2026-04-28 09:07:21.469 +02:00 [WRN] Connection lost after 3 consecutive failures
2026-04-28 09:07:21.472 +02:00 [WRN] Problem recorded: "Connection" Connection lost LocalPath=null RemotePath=https://raw.wincasa-010.slbox.io:9443/instance_399 DedupeKey=connection:https://raw.wincasa-010.slbox.io:9443/instance_399
2026-04-28 09:07:21.472 +02:00 [INF] Explorer visual state: "Connected" -> "Disconnected"
2026-04-28 09:07:21.472 +02:00 [DBG] CfUpdateSyncProviderStatus set to "CF_PROVIDER_STATUS_CONNECTIVITY_LOST"
2026-04-28 09:07:21.473 +02:00 [INF] Explorer item update notified for C:\Users\jfischerk\CloudDrive
2026-04-28 09:07:21.474 +02:00 [INF] Explorer directory update notified for C:\Users\jfischerk\CloudDrive
2026-04-28 09:07:21.475 +02:00 [INF] Explorer refresh requested for C:\Users\jfischerk\CloudDrive
2026-04-28 09:07:21.497 +02:00 [INF] Explorer refresh completed for C:\Users\jfischerk\CloudDrive (windowsRefreshed=0)
2026-04-28 09:07:21.497 +02:00 [DBG] ReRegisterWithIconAsync debounced — skipping
2026-04-28 09:07:21.500 +02:00 [INF] Mount phase: "Ready" → "ConnectionLost"
2026-04-28 09:07:21.501 +02:00 [INF] Reconnection attempt 1 — waiting 5s (disconnected 0m 0s)
2026-04-28 09:07:21.501 +02:00 [DBG] WEBDAV_REQUEST LOCK https://raw.wincasa-010.slbox.io:9443/instance_399/Win-CASA/Nachweise/E-MAIL_POSTAUSGANG Timeout=600s
2026-04-28 09:07:21.508 +02:00 [DBG] WEBDAV_RESPONSE LOCK https://raw.wincasa-010.slbox.io:9443/instance_399/Win-CASA/Nachweise/E-MAIL_POSTAUSGANG 404 7ms
2026-04-28 09:07:21.509 +02:00 [ERR] Propagator job failed: 31ebfdaf17c069066fa4b3acbb7b7ab8531b4539ba7c740619a60786ebfeca72 "DeleteRemote" C:\Users\jfischerk\CloudDrive\Win-CASA\Nachweise\E-MAIL_POSTAUSGANG
System.Net.Http.HttpRequestException: Response status code does not indicate success: 404 (Not Found).
   at System.Net.Http.HttpResponseMessage.EnsureSuccessStatusCode()
   at CloudDrive.Core.WebDav.WebDavService.LockAsync(String remotePath, WebDavLockRequest request, CancellationToken ct)
   at CloudDrive.Core.SyncEngine.WebDavLockCoordinator.AcquireWriteLockAsync(String localPath, String remotePath, CancellationToken ct)
   at CloudDrive.Core.SyncEngine.Propagator.DeleteRemoteAsync(ReconcileAction action, CancellationToken ct)
   at CloudDrive.Core.SyncEngine.Propagator.ApplyAsync(ReconcileAction action, CancellationToken ct)
   at CloudDrive.Core.SyncEngine.RetryPolicy.<>c__DisplayClass4_0.<<ExecuteAsync>b__0>d.MoveNext()
--- End of stack trace from previous location ---
   at CloudDrive.Core.SyncEngine.RetryPolicy.ExecuteAsync[T](Func`1 action, String operationName, CancellationToken ct)
   at CloudDrive.Core.SyncEngine.RetryPolicy.ExecuteAsync(Func`1 action, String operationName, CancellationToken ct)
   at CloudDrive.Core.SyncEngine.SyncCoordinator.ProcessPropagatorQueueAsync(CancellationToken ct)
2026-04-28 09:07:21.634 +02:00 [DBG] No update is currently available.
2026-04-28 09:07:26.527 +02:00 [INF] Connection restored — resuming sync
2026-04-28 09:07:26.527 +02:00 [INF] Explorer visual state: "Disconnected" -> "Connected"
2026-04-28 09:07:26.527 +02:00 [DBG] CfUpdateSyncProviderStatus set to "CF_PROVIDER_STATUS_IDLE"
2026-04-28 09:07:26.528 +02:00 [INF] Explorer item update notified for C:\Users\jfischerk\CloudDrive
2026-04-28 09:07:26.529 +02:00 [INF] Explorer directory update notified for C:\Users\jfischerk\CloudDrive
2026-04-28 09:07:26.530 +02:00 [INF] Explorer refresh requested for C:\Users\jfischerk\CloudDrive
2026-04-28 09:07:26.550 +02:00 [INF] Explorer refresh completed for C:\Users\jfischerk\CloudDrive (windowsRefreshed=0)
2026-04-28 09:07:26.641 +02:00 [INF] Mount phase: "ConnectionLost" → "Ready"
2026-04-28 09:07:26.674 +02:00 [INF] Re-registered sync root with icon: %SystemRoot%\system32\imageres.dll,-1043
2026-04-28 09:07:27.530 +02:00 [DBG] WEBDAV_REQUEST LOCK https://raw.wincasa-010.slbox.io:9443/instance_399/Win-CASA/Nachweise/Dokumente_Aufgaben Timeout=600s
2026-04-28 09:07:27.536 +02:00 [DBG] WEBDAV_RESPONSE LOCK https://raw.wincasa-010.slbox.io:9443/instance_399/Win-CASA/Nachweise/Dokumente_Aufgaben 404 5ms
2026-04-28 09:07:27.536 +02:00 [ERR] Propagator job failed: 9f84390cd7a51d2dd88aeb46f1fb5fd56442eb5b3ddf35d66f589e07bec5795d "DeleteRemote" C:\Users\jfischerk\CloudDrive\Win-CASA\Nachweise\Dokumente_Aufgaben
System.Net.Http.HttpRequestException: Response status code does not indicate success: 404 (Not Found).
   at System.Net.Http.HttpResponseMessage.EnsureSuccessStatusCode()
   at CloudDrive.Core.WebDav.WebDavService.LockAsync(String remotePath, WebDavLockRequest request, CancellationToken ct)
   at CloudDrive.Core.SyncEngine.WebDavLockCoordinator.AcquireWriteLockAsync(String localPath, String remotePath, CancellationToken ct)
   at CloudDrive.Core.SyncEngine.Propagator.DeleteRemoteAsync(ReconcileAction action, CancellationToken ct)
   at CloudDrive.Core.SyncEngine.Propagator.ApplyAsync(ReconcileAction action, CancellationToken ct)
   at CloudDrive.Core.SyncEngine.RetryPolicy.<>c__DisplayClass4_0.<<ExecuteAsync>b__0>d.MoveNext()
--- End of stack trace from previous location ---
   at CloudDrive.Core.SyncEngine.RetryPolicy.ExecuteAsync[T](Func`1 action, String operationName, CancellationToken ct)
   at CloudDrive.Core.SyncEngine.RetryPolicy.ExecuteAsync(Func`1 action, String operationName, CancellationToken ct)
   at CloudDrive.Core.SyncEngine.SyncCoordinator.ProcessPropagatorQueueAsync(CancellationToken ct)
2026-04-28 09:07:27.539 +02:00 [DBG] UI[Tray] State updated to "Error"
2026-04-28 09:07:27.540 +02:00 [DBG] WEBDAV_REQUEST LOCK https://raw.wincasa-010.slbox.io:9443/instance_399/Win-CASA/Nachweise/Dokumente_Vorgaenge Timeout=600s
2026-04-28 09:07:27.545 +02:00 [DBG] WEBDAV_RESPONSE LOCK https://raw.wincasa-010.slbox.io:9443/instance_399/Win-CASA/Nachweise/Dokumente_Vorgaenge 404 4ms
2026-04-28 09:07:27.545 +02:00 [ERR] Propagator job failed: fa5884ba9760c0fac9d8ca2181b0f4e6ba1aa8f15e08b6121ca2baa0f7e09048 "DeleteRemote" C:\Users\jfischerk\CloudDrive\Win-CASA\Nachweise\Dokumente_Vorgaenge
System.Net.Http.HttpRequestException: Response status code does not indicate success: 404 (Not Found).
   at System.Net.Http.HttpResponseMessage.EnsureSuccessStatusCode()
   at CloudDrive.Core.WebDav.WebDavService.LockAsync(String remotePath, WebDavLockRequest request, CancellationToken ct)
   at CloudDrive.Core.SyncEngine.WebDavLockCoordinator.AcquireWriteLockAsync(String localPath, String remotePath, CancellationToken ct)
   at CloudDrive.Core.SyncEngine.Propagator.DeleteRemoteAsync(ReconcileAction action, CancellationToken ct)
   at CloudDrive.Core.SyncEngine.Propagator.ApplyAsync(ReconcileAction action, CancellationToken ct)
   at CloudDrive.Core.SyncEngine.RetryPolicy.<>c__DisplayClass4_0.<<ExecuteAsync>b__0>d.MoveNext()
--- End of stack trace from previous location ---
   at CloudDrive.Core.SyncEngine.RetryPolicy.ExecuteAsync[T](Func`1 action, String operationName, CancellationToken ct)
   at CloudDrive.Core.SyncEngine.RetryPolicy.ExecuteAsync(Func`1 action, String operationName, CancellationToken ct)
   at CloudDrive.Core.SyncEngine.SyncCoordinator.ProcessPropagatorQueueAsync(CancellationToken ct)
2026-04-28 09:07:27.548 +02:00 [DBG] UI[Tray] State updated to "Error"
2026-04-28 09:07:27.548 +02:00 [DBG] WEBDAV_REQUEST LOCK https://raw.wincasa-010.slbox.io:9443/instance_399/Win-CASA/Nachweise/Drucken_POSTAUSGANG Timeout=600s
2026-04-28 09:07:27.552 +02:00 [DBG] WEBDAV_RESPONSE LOCK https://raw.wincasa-010.slbox.io:9443/instance_399/Win-CASA/Nachweise/Drucken_POSTAUSGANG 404 3ms
2026-04-28 09:07:27.552 +02:00 [ERR] Propagator job failed: a91951481a182760640c02119b84c8f6e3877d233480c6d2d752a9bd586fc6f9 "DeleteRemote" C:\Users\jfischerk\CloudDrive\Win-CASA\Nachweise\Drucken_POSTAUSGANG
System.Net.Http.HttpRequestException: Response status code does not indicate success: 404 (Not Found).
   at System.Net.Http.HttpResponseMessage.EnsureSuccessStatusCode()
   at CloudDrive.Core.WebDav.WebDavService.LockAsync(String remotePath, WebDavLockRequest request, CancellationToken ct)
   at CloudDrive.Core.SyncEngine.WebDavLockCoordinator.AcquireWriteLockAsync(String localPath, String remotePath, CancellationToken ct)
   at CloudDrive.Core.SyncEngine.Propagator.DeleteRemoteAsync(ReconcileAction action, CancellationToken ct)
   at CloudDrive.Core.SyncEngine.Propagator.ApplyAsync(ReconcileAction action, CancellationToken ct)
   at CloudDrive.Core.SyncEngine.RetryPolicy.<>c__DisplayClass4_0.<<ExecuteAsync>b__0>d.MoveNext()
--- End of stack trace from previous location ---
   at CloudDrive.Core.SyncEngine.RetryPolicy.ExecuteAsync[T](Func`1 action, String operationName, CancellationToken ct)
   at CloudDrive.Core.SyncEngine.RetryPolicy.ExecuteAsync(Func`1 action, String operationName, CancellationToken ct)
   at CloudDrive.Core.SyncEngine.SyncCoordinator.ProcessPropagatorQueueAsync(CancellationToken ct)
2026-04-28 09:07:27.555 +02:00 [WRN] Connection lost after 3 consecutive failures
2026-04-28 09:07:27.558 +02:00 [WRN] Problem recorded: "Connection" Connection lost LocalPath=null RemotePath=https://raw.wincasa-010.slbox.io:9443/instance_399 DedupeKey=connection:https://raw.wincasa-010.slbox.io:9443/instance_399
2026-04-28 09:07:27.558 +02:00 [INF] Explorer visual state: "Connected" -> "Disconnected"
2026-04-28 09:07:27.558 +02:00 [DBG] CfUpdateSyncProviderStatus set to "CF_PROVIDER_STATUS_CONNECTIVITY_LOST"
2026-04-28 09:07:27.558 +02:00 [INF] Explorer item update notified for C:\Users\jfischerk\CloudDrive
2026-04-28 09:07:27.559 +02:00 [INF] Explorer directory update notified for C:\Users\jfischerk\CloudDrive
2026-04-28 09:07:27.560 +02:00 [INF] Explorer refresh requested for C:\Users\jfischerk\CloudDrive
2026-04-28 09:07:27.586 +02:00 [INF] Explorer refresh completed for C:\Users\jfischerk\CloudDrive (windowsRefreshed=0)
2026-04-28 09:07:27.586 +02:00 [DBG] ReRegisterWithIconAsync debounced — skipping
2026-04-28 09:07:27.588 +02:00 [INF] Mount phase: "Ready" → "ConnectionLost"
2026-04-28 09:07:27.588 +02:00 [INF] Reconnection attempt 1 — waiting 5s (disconnected 0m 0s)
2026-04-28 09:07:27.589 +02:00 [DBG] WEBDAV_REQUEST LOCK https://raw.wincasa-010.slbox.io:9443/instance_399/Win-CASA/Nachweise/E-MAIL_POSTAUSGANG Timeout=600s
2026-04-28 09:07:27.593 +02:00 [DBG] WEBDAV_RESPONSE LOCK https://raw.wincasa-010.slbox.io:9443/instance_399/Win-CASA/Nachweise/E-MAIL_POSTAUSGANG 404 4ms
2026-04-28 09:07:27.594 +02:00 [ERR] Propagator job failed: 31ebfdaf17c069066fa4b3acbb7b7ab8531b4539ba7c740619a60786ebfeca72 "DeleteRemote" C:\Users\jfischerk\CloudDrive\Win-CASA\Nachweise\E-MAIL_POSTAUSGANG
System.Net.Http.HttpRequestException: Response status code does not indicate success: 404 (Not Found).
   at System.Net.Http.HttpResponseMessage.EnsureSuccessStatusCode()
   at CloudDrive.Core.WebDav.WebDavService.LockAsync(String remotePath, WebDavLockRequest request, CancellationToken ct)
   at CloudDrive.Core.SyncEngine.WebDavLockCoordinator.AcquireWriteLockAsync(String localPath, String remotePath, CancellationToken ct)
   at CloudDrive.Core.SyncEngine.Propagator.DeleteRemoteAsync(ReconcileAction action, CancellationToken ct)
   at CloudDrive.Core.SyncEngine.Propagator.ApplyAsync(ReconcileAction action, CancellationToken ct)
   at CloudDrive.Core.SyncEngine.RetryPolicy.<>c__DisplayClass4_0.<<ExecuteAsync>b__0>d.MoveNext()
--- End of stack trace from previous location ---
   at CloudDrive.Core.SyncEngine.RetryPolicy.ExecuteAsync[T](Func`1 action, String operationName, CancellationToken ct)
   at CloudDrive.Core.SyncEngine.RetryPolicy.ExecuteAsync(Func`1 action, String operationName, CancellationToken ct)
   at CloudDrive.Core.SyncEngine.SyncCoordinator.ProcessPropagatorQueueAsync(CancellationToken ct)
2026-04-28 09:07:32.603 +02:00 [INF] Connection restored — resuming sync
2026-04-28 09:07:32.603 +02:00 [INF] Explorer visual state: "Disconnected" -> "Connected"
2026-04-28 09:07:32.604 +02:00 [DBG] CfUpdateSyncProviderStatus set to "CF_PROVIDER_STATUS_IDLE"
2026-04-28 09:07:32.604 +02:00 [INF] Explorer item update notified for C:\Users\jfischerk\CloudDrive
2026-04-28 09:07:32.605 +02:00 [INF] Explorer directory update notified for C:\Users\jfischerk\CloudDrive
2026-04-28 09:07:32.606 +02:00 [INF] Explorer refresh requested for C:\Users\jfischerk\CloudDrive
2026-04-28 09:07:32.626 +02:00 [INF] Explorer refresh completed for C:\Users\jfischerk\CloudDrive (windowsRefreshed=0)
2026-04-28 09:07:32.705 +02:00 [INF] Mount phase: "ConnectionLost" → "Ready"
2026-04-28 09:07:32.743 +02:00 [INF] Re-registered sync root with icon: %SystemRoot%\system32\imageres.dll,-1043
2026-04-28 09:07:33.619 +02:00 [DBG] WEBDAV_REQUEST LOCK https://raw.wincasa-010.slbox.io:9443/instance_399/Win-CASA/Nachweise/Dokumente_Aufgaben Timeout=600s
2026-04-28 09:07:33.624 +02:00 [DBG] WEBDAV_RESPONSE LOCK https://raw.wincasa-010.slbox.io:9443/instance_399/Win-CASA/Nachweise/Dokumente_Aufgaben 404 4ms
2026-04-28 09:07:33.625 +02:00 [ERR] Propagator job failed: 9f84390cd7a51d2dd88aeb46f1fb5fd56442eb5b3ddf35d66f589e07bec5795d "DeleteRemote" C:\Users\jfischerk\CloudDrive\Win-CASA\Nachweise\Dokumente_Aufgaben
System.Net.Http.HttpRequestException: Response status code does not indicate success: 404 (Not Found).
   at System.Net.Http.HttpResponseMessage.EnsureSuccessStatusCode()
   at CloudDrive.Core.WebDav.WebDavService.LockAsync(String remotePath, WebDavLockRequest request, CancellationToken ct)
   at CloudDrive.Core.SyncEngine.WebDavLockCoordinator.AcquireWriteLockAsync(String localPath, String remotePath, CancellationToken ct)
   at CloudDrive.Core.SyncEngine.Propagator.DeleteRemoteAsync(ReconcileAction action, CancellationToken ct)
   at CloudDrive.Core.SyncEngine.Propagator.ApplyAsync(ReconcileAction action, CancellationToken ct)
   at CloudDrive.Core.SyncEngine.RetryPolicy.<>c__DisplayClass4_0.<<ExecuteAsync>b__0>d.MoveNext()
--- End of stack trace from previous location ---
   at CloudDrive.Core.SyncEngine.RetryPolicy.ExecuteAsync[T](Func`1 action, String operationName, CancellationToken ct)
   at CloudDrive.Core.SyncEngine.RetryPolicy.ExecuteAsync(Func`1 action, String operationName, CancellationToken ct)
   at CloudDrive.Core.SyncEngine.SyncCoordinator.ProcessPropagatorQueueAsync(CancellationToken ct)
2026-04-28 09:07:33.628 +02:00 [DBG] UI[Tray] State updated to "Error"
2026-04-28 09:07:33.629 +02:00 [DBG] WEBDAV_REQUEST LOCK https://raw.wincasa-010.slbox.io:9443/instance_399/Win-CASA/Nachweise/Dokumente_Vorgaenge Timeout=600s
2026-04-28 09:07:33.633 +02:00 [DBG] WEBDAV_RESPONSE LOCK https://raw.wincasa-010.slbox.io:9443/instance_399/Win-CASA/Nachweise/Dokumente_Vorgaenge 404 3ms
2026-04-28 09:07:33.633 +02:00 [ERR] Propagator job failed: fa5884ba9760c0fac9d8ca2181b0f4e6ba1aa8f15e08b6121ca2baa0f7e09048 "DeleteRemote" C:\Users\jfischerk\CloudDrive\Win-CASA\Nachweise\Dokumente_Vorgaenge
System.Net.Http.HttpRequestException: Response status code does not indicate success: 404 (Not Found).
   at System.Net.Http.HttpResponseMessage.EnsureSuccessStatusCode()
   at CloudDrive.Core.WebDav.WebDavService.LockAsync(String remotePath, WebDavLockRequest request, CancellationToken ct)
   at CloudDrive.Core.SyncEngine.WebDavLockCoordinator.AcquireWriteLockAsync(String localPath, String remotePath, CancellationToken ct)
   at CloudDrive.Core.SyncEngine.Propagator.DeleteRemoteAsync(ReconcileAction action, CancellationToken ct)
   at CloudDrive.Core.SyncEngine.Propagator.ApplyAsync(ReconcileAction action, CancellationToken ct)
   at CloudDrive.Core.SyncEngine.RetryPolicy.<>c__DisplayClass4_0.<<ExecuteAsync>b__0>d.MoveNext()
--- End of stack trace from previous location ---
   at CloudDrive.Core.SyncEngine.RetryPolicy.ExecuteAsync[T](Func`1 action, String operationName, CancellationToken ct)
   at CloudDrive.Core.SyncEngine.RetryPolicy.ExecuteAsync(Func`1 action, String operationName, CancellationToken ct)
   at CloudDrive.Core.SyncEngine.SyncCoordinator.ProcessPropagatorQueueAsync(CancellationToken ct)
2026-04-28 09:07:33.636 +02:00 [DBG] UI[Tray] State updated to "Error"
2026-04-28 09:07:33.637 +02:00 [DBG] WEBDAV_REQUEST LOCK https://raw.wincasa-010.slbox.io:9443/instance_399/Win-CASA/Nachweise/Drucken_POSTAUSGANG Timeout=600s
2026-04-28 09:07:33.641 +02:00 [DBG] WEBDAV_RESPONSE LOCK https://raw.wincasa-010.slbox.io:9443/instance_399/Win-CASA/Nachweise/Drucken_POSTAUSGANG 404 3ms
2026-04-28 09:07:33.641 +02:00 [ERR] Propagator job failed: a91951481a182760640c02119b84c8f6e3877d233480c6d2d752a9bd586fc6f9 "DeleteRemote" C:\Users\jfischerk\CloudDrive\Win-CASA\Nachweise\Drucken_POSTAUSGANG
System.Net.Http.HttpRequestException: Response status code does not indicate success: 404 (Not Found).
   at System.Net.Http.HttpResponseMessage.EnsureSuccessStatusCode()
   at CloudDrive.Core.WebDav.WebDavService.LockAsync(String remotePath, WebDavLockRequest request, CancellationToken ct)
   at CloudDrive.Core.SyncEngine.WebDavLockCoordinator.AcquireWriteLockAsync(String localPath, String remotePath, CancellationToken ct)
   at CloudDrive.Core.SyncEngine.Propagator.DeleteRemoteAsync(ReconcileAction action, CancellationToken ct)
   at CloudDrive.Core.SyncEngine.Propagator.ApplyAsync(ReconcileAction action, CancellationToken ct)
   at CloudDrive.Core.SyncEngine.RetryPolicy.<>c__DisplayClass4_0.<<ExecuteAsync>b__0>d.MoveNext()
--- End of stack trace from previous location ---
   at CloudDrive.Core.SyncEngine.RetryPolicy.ExecuteAsync[T](Func`1 action, String operationName, CancellationToken ct)
   at CloudDrive.Core.SyncEngine.RetryPolicy.ExecuteAsync(Func`1 action, String operationName, CancellationToken ct)
   at CloudDrive.Core.SyncEngine.SyncCoordinator.ProcessPropagatorQueueAsync(CancellationToken ct)
2026-04-28 09:07:33.644 +02:00 [WRN] Connection lost after 3 consecutive failures
2026-04-28 09:07:33.647 +02:00 [WRN] Problem recorded: "Connection" Connection lost LocalPath=null RemotePath=https://raw.wincasa-010.slbox.io:9443/instance_399 DedupeKey=connection:https://raw.wincasa-010.slbox.io:9443/instance_399
2026-04-28 09:07:33.647 +02:00 [INF] Explorer visual state: "Connected" -> "Disconnected"
2026-04-28 09:07:33.647 +02:00 [DBG] CfUpdateSyncProviderStatus set to "CF_PROVIDER_STATUS_CONNECTIVITY_LOST"
2026-04-28 09:07:33.648 +02:00 [INF] Explorer item update notified for C:\Users\jfischerk\CloudDrive
2026-04-28 09:07:33.648 +02:00 [INF] Explorer directory update notified for C:\Users\jfischerk\CloudDrive
2026-04-28 09:07:33.649 +02:00 [INF] Explorer refresh requested for C:\Users\jfischerk\CloudDrive
2026-04-28 09:07:33.675 +02:00 [INF] Explorer refresh completed for C:\Users\jfischerk\CloudDrive (windowsRefreshed=0)
2026-04-28 09:07:33.675 +02:00 [DBG] ReRegisterWithIconAsync debounced — skipping
2026-04-28 09:07:33.677 +02:00 [INF] Mount phase: "Ready" → "ConnectionLost"
2026-04-28 09:07:33.677 +02:00 [INF] Reconnection attempt 1 — waiting 5s (disconnected 0m 0s)
2026-04-28 09:07:33.678 +02:00 [DBG] WEBDAV_REQUEST LOCK https://raw.wincasa-010.slbox.io:9443/instance_399/Win-CASA/Nachweise/E-MAIL_POSTAUSGANG Timeout=600s
2026-04-28 09:07:33.682 +02:00 [DBG] WEBDAV_RESPONSE LOCK https://raw.wincasa-010.slbox.io:9443/instance_399/Win-CASA/Nachweise/E-MAIL_POSTAUSGANG 404 4ms
2026-04-28 09:07:33.682 +02:00 [ERR] Propagator job failed: 31ebfdaf17c069066fa4b3acbb7b7ab8531b4539ba7c740619a60786ebfeca72 "DeleteRemote" C:\Users\jfischerk\CloudDrive\Win-CASA\Nachweise\E-MAIL_POSTAUSGANG
System.Net.Http.HttpRequestException: Response status code does not indicate success: 404 (Not Found).
   at System.Net.Http.HttpResponseMessage.EnsureSuccessStatusCode()
   at CloudDrive.Core.WebDav.WebDavService.LockAsync(String remotePath, WebDavLockRequest request, CancellationToken ct)
   at CloudDrive.Core.SyncEngine.WebDavLockCoordinator.AcquireWriteLockAsync(String localPath, String remotePath, CancellationToken ct)
   at CloudDrive.Core.SyncEngine.Propagator.DeleteRemoteAsync(ReconcileAction action, CancellationToken ct)
   at CloudDrive.Core.SyncEngine.Propagator.ApplyAsync(ReconcileAction action, CancellationToken ct)
   at CloudDrive.Core.SyncEngine.RetryPolicy.<>c__DisplayClass4_0.<<ExecuteAsync>b__0>d.MoveNext()
--- End of stack trace from previous location ---
   at CloudDrive.Core.SyncEngine.RetryPolicy.ExecuteAsync[T](Func`1 action, String operationName, CancellationToken ct)
   at CloudDrive.Core.SyncEngine.RetryPolicy.ExecuteAsync(Func`1 action, String operationName, CancellationToken ct)
   at CloudDrive.Core.SyncEngine.SyncCoordinator.ProcessPropagatorQueueAsync(CancellationToken ct)
2026-04-28 09:07:38.764 +02:00 [INF] Connection restored — resuming sync
2026-04-28 09:07:38.764 +02:00 [INF] Explorer visual state: "Disconnected" -> "Connected"
2026-04-28 09:07:38.764 +02:00 [DBG] CfUpdateSyncProviderStatus set to "CF_PROVIDER_STATUS_IDLE"
2026-04-28 09:07:38.765 +02:00 [INF] Explorer item update notified for C:\Users\jfischerk\CloudDrive
2026-04-28 09:07:38.766 +02:00 [INF] Explorer directory update notified for C:\Users\jfischerk\CloudDrive
2026-04-28 09:07:38.767 +02:00 [INF] Explorer refresh requested for C:\Users\jfischerk\CloudDrive
2026-04-28 09:07:38.790 +02:00 [INF] Explorer refresh completed for C:\Users\jfischerk\CloudDrive (windowsRefreshed=0)
2026-04-28 09:07:38.880 +02:00 [INF] Mount phase: "ConnectionLost" → "Ready"
2026-04-28 09:07:38.918 +02:00 [INF] Re-registered sync root with icon: %SystemRoot%\system32\imageres.dll,-1043
2026-04-28 09:07:39.709 +02:00 [DBG] WEBDAV_REQUEST LOCK https://raw.wincasa-010.slbox.io:9443/instance_399/Win-CASA/Nachweise/Dokumente_Aufgaben Timeout=600s
2026-04-28 09:07:39.714 +02:00 [DBG] WEBDAV_RESPONSE LOCK https://raw.wincasa-010.slbox.io:9443/instance_399/Win-CASA/Nachweise/Dokumente_Aufgaben 404 4ms
2026-04-28 09:07:39.714 +02:00 [ERR] Propagator job failed: 9f84390cd7a51d2dd88aeb46f1fb5fd56442eb5b3ddf35d66f589e07bec5795d "DeleteRemote" C:\Users\jfischerk\CloudDrive\Win-CASA\Nachweise\Dokumente_Aufgaben
System.Net.Http.HttpRequestException: Response status code does not indicate success: 404 (Not Found).
   at System.Net.Http.HttpResponseMessage.EnsureSuccessStatusCode()
   at CloudDrive.Core.WebDav.WebDavService.LockAsync(String remotePath, WebDavLockRequest request, CancellationToken ct)
   at CloudDrive.Core.SyncEngine.WebDavLockCoordinator.AcquireWriteLockAsync(String localPath, String remotePath, CancellationToken ct)
   at CloudDrive.Core.SyncEngine.Propagator.DeleteRemoteAsync(ReconcileAction action, CancellationToken ct)
   at CloudDrive.Core.SyncEngine.Propagator.ApplyAsync(ReconcileAction action, CancellationToken ct)
   at CloudDrive.Core.SyncEngine.RetryPolicy.<>c__DisplayClass4_0.<<ExecuteAsync>b__0>d.MoveNext()
--- End of stack trace from previous location ---
   at CloudDrive.Core.SyncEngine.RetryPolicy.ExecuteAsync[T](Func`1 action, String operationName, CancellationToken ct)
   at CloudDrive.Core.SyncEngine.RetryPolicy.ExecuteAsync(Func`1 action, String operationName, CancellationToken ct)
   at CloudDrive.Core.SyncEngine.SyncCoordinator.ProcessPropagatorQueueAsync(CancellationToken ct)
2026-04-28 09:07:39.717 +02:00 [DBG] UI[Tray] State updated to "Error"
2026-04-28 09:07:39.718 +02:00 [DBG] WEBDAV_REQUEST LOCK https://raw.wincasa-010.slbox.io:9443/instance_399/Win-CASA/Nachweise/Dokumente_Vorgaenge Timeout=600s
2026-04-28 09:07:39.722 +02:00 [DBG] WEBDAV_RESPONSE LOCK https://raw.wincasa-010.slbox.io:9443/instance_399/Win-CASA/Nachweise/Dokumente_Vorgaenge 404 3ms
2026-04-28 09:07:39.722 +02:00 [ERR] Propagator job failed: fa5884ba9760c0fac9d8ca2181b0f4e6ba1aa8f15e08b6121ca2baa0f7e09048 "DeleteRemote" C:\Users\jfischerk\CloudDrive\Win-CASA\Nachweise\Dokumente_Vorgaenge
System.Net.Http.HttpRequestException: Response status code does not indicate success: 404 (Not Found).
   at System.Net.Http.HttpResponseMessage.EnsureSuccessStatusCode()
   at CloudDrive.Core.WebDav.WebDavService.LockAsync(String remotePath, WebDavLockRequest request, CancellationToken ct)
   at CloudDrive.Core.SyncEngine.WebDavLockCoordinator.AcquireWriteLockAsync(String localPath, String remotePath, CancellationToken ct)
   at CloudDrive.Core.SyncEngine.Propagator.DeleteRemoteAsync(ReconcileAction action, CancellationToken ct)
   at CloudDrive.Core.SyncEngine.Propagator.ApplyAsync(ReconcileAction action, CancellationToken ct)
   at CloudDrive.Core.SyncEngine.RetryPolicy.<>c__DisplayClass4_0.<<ExecuteAsync>b__0>d.MoveNext()
--- End of stack trace from previous location ---
   at CloudDrive.Core.SyncEngine.RetryPolicy.ExecuteAsync[T](Func`1 action, String operationName, CancellationToken ct)
   at CloudDrive.Core.SyncEngine.RetryPolicy.ExecuteAsync(Func`1 action, String operationName, CancellationToken ct)
   at CloudDrive.Core.SyncEngine.SyncCoordinator.ProcessPropagatorQueueAsync(CancellationToken ct)
2026-04-28 09:07:39.725 +02:00 [DBG] UI[Tray] State updated to "Error"
2026-04-28 09:07:39.726 +02:00 [DBG] WEBDAV_REQUEST LOCK https://raw.wincasa-010.slbox.io:9443/instance_399/Win-CASA/Nachweise/Drucken_POSTAUSGANG Timeout=600s
2026-04-28 09:07:39.730 +02:00 [DBG] WEBDAV_RESPONSE LOCK https://raw.wincasa-010.slbox.io:9443/instance_399/Win-CASA/Nachweise/Drucken_POSTAUSGANG 404 4ms
2026-04-28 09:07:39.730 +02:00 [ERR] Propagator job failed: a91951481a182760640c02119b84c8f6e3877d233480c6d2d752a9bd586fc6f9 "DeleteRemote" C:\Users\jfischerk\CloudDrive\Win-CASA\Nachweise\Drucken_POSTAUSGANG
System.Net.Http.HttpRequestException: Response status code does not indicate success: 404 (Not Found).
   at System.Net.Http.HttpResponseMessage.EnsureSuccessStatusCode()
   at CloudDrive.Core.WebDav.WebDavService.LockAsync(String remotePath, WebDavLockRequest request, CancellationToken ct)
   at CloudDrive.Core.SyncEngine.WebDavLockCoordinator.AcquireWriteLockAsync(String localPath, String remotePath, CancellationToken ct)
   at CloudDrive.Core.SyncEngine.Propagator.DeleteRemoteAsync(ReconcileAction action, CancellationToken ct)
   at CloudDrive.Core.SyncEngine.Propagator.ApplyAsync(ReconcileAction action, CancellationToken ct)
   at CloudDrive.Core.SyncEngine.RetryPolicy.<>c__DisplayClass4_0.<<ExecuteAsync>b__0>d.MoveNext()
--- End of stack trace from previous location ---
   at CloudDrive.Core.SyncEngine.RetryPolicy.ExecuteAsync[T](Func`1 action, String operationName, CancellationToken ct)
   at CloudDrive.Core.SyncEngine.RetryPolicy.ExecuteAsync(Func`1 action, String operationName, CancellationToken ct)
   at CloudDrive.Core.SyncEngine.SyncCoordinator.ProcessPropagatorQueueAsync(CancellationToken ct)
2026-04-28 09:07:39.733 +02:00 [WRN] Connection lost after 3 consecutive failures
2026-04-28 09:07:39.736 +02:00 [WRN] Problem recorded: "Connection" Connection lost LocalPath=null RemotePath=https://raw.wincasa-010.slbox.io:9443/instance_399 DedupeKey=connection:https://raw.wincasa-010.slbox.io:9443/instance_399
2026-04-28 09:07:39.737 +02:00 [INF] Explorer visual state: "Connected" -> "Disconnected"
2026-04-28 09:07:39.737 +02:00 [DBG] CfUpdateSyncProviderStatus set to "CF_PROVIDER_STATUS_CONNECTIVITY_LOST"
2026-04-28 09:07:39.737 +02:00 [INF] Explorer item update notified for C:\Users\jfischerk\CloudDrive
2026-04-28 09:07:39.738 +02:00 [INF] Explorer directory update notified for C:\Users\jfischerk\CloudDrive
2026-04-28 09:07:39.739 +02:00 [INF] Explorer refresh requested for C:\Users\jfischerk\CloudDrive
2026-04-28 09:07:39.765 +02:00 [INF] Explorer refresh completed for C:\Users\jfischerk\CloudDrive (windowsRefreshed=0)
2026-04-28 09:07:39.765 +02:00 [DBG] ReRegisterWithIconAsync debounced — skipping
2026-04-28 09:07:39.768 +02:00 [INF] Mount phase: "Ready" → "ConnectionLost"
2026-04-28 09:07:39.768 +02:00 [INF] Reconnection attempt 1 — waiting 5s (disconnected 0m 0s)
2026-04-28 09:07:39.768 +02:00 [DBG] WEBDAV_REQUEST LOCK https://raw.wincasa-010.slbox.io:9443/instance_399/Win-CASA/Nachweise/E-MAIL_POSTAUSGANG Timeout=600s
2026-04-28 09:07:39.772 +02:00 [DBG] WEBDAV_RESPONSE LOCK https://raw.wincasa-010.slbox.io:9443/instance_399/Win-CASA/Nachweise/E-MAIL_POSTAUSGANG 404 3ms
2026-04-28 09:07:39.772 +02:00 [ERR] Propagator job failed: 31ebfdaf17c069066fa4b3acbb7b7ab8531b4539ba7c740619a60786ebfeca72 "DeleteRemote" C:\Users\jfischerk\CloudDrive\Win-CASA\Nachweise\E-MAIL_POSTAUSGANG
System.Net.Http.HttpRequestException: Response status code does not indicate success: 404 (Not Found).
   at System.Net.Http.HttpResponseMessage.EnsureSuccessStatusCode()
   at CloudDrive.Core.WebDav.WebDavService.LockAsync(String remotePath, WebDavLockRequest request, CancellationToken ct)
   at CloudDrive.Core.SyncEngine.WebDavLockCoordinator.AcquireWriteLockAsync(String localPath, String remotePath, CancellationToken ct)
   at CloudDrive.Core.SyncEngine.Propagator.DeleteRemoteAsync(ReconcileAction action, CancellationToken ct)
   at CloudDrive.Core.SyncEngine.Propagator.ApplyAsync(ReconcileAction action, CancellationToken ct)
   at CloudDrive.Core.SyncEngine.RetryPolicy.<>c__DisplayClass4_0.<<ExecuteAsync>b__0>d.MoveNext()
--- End of stack trace from previous location ---
   at CloudDrive.Core.SyncEngine.RetryPolicy.ExecuteAsync[T](Func`1 action, String operationName, CancellationToken ct)
   at CloudDrive.Core.SyncEngine.RetryPolicy.ExecuteAsync(Func`1 action, String operationName, CancellationToken ct)
   at CloudDrive.Core.SyncEngine.SyncCoordinator.ProcessPropagatorQueueAsync(CancellationToken ct)
2026-04-28 09:07:44.781 +02:00 [INF] Connection restored — resuming sync
2026-04-28 09:07:44.781 +02:00 [INF] Explorer visual state: "Disconnected" -> "Connected"
2026-04-28 09:07:44.781 +02:00 [DBG] CfUpdateSyncProviderStatus set to "CF_PROVIDER_STATUS_IDLE"
2026-04-28 09:07:44.781 +02:00 [INF] Explorer item update notified for C:\Users\jfischerk\CloudDrive
2026-04-28 09:07:44.782 +02:00 [INF] Explorer directory update notified for C:\Users\jfischerk\CloudDrive
2026-04-28 09:07:44.783 +02:00 [INF] Explorer refresh requested for C:\Users\jfischerk\CloudDrive
2026-04-28 09:07:44.804 +02:00 [INF] Explorer refresh completed for C:\Users\jfischerk\CloudDrive (windowsRefreshed=0)
2026-04-28 09:07:44.890 +02:00 [INF] Mount phase: "ConnectionLost" → "Ready"
2026-04-28 09:07:44.921 +02:00 [INF] Re-registered sync root with icon: %SystemRoot%\system32\imageres.dll,-1043
2026-04-28 09:07:45.812 +02:00 [DBG] WEBDAV_REQUEST LOCK https://raw.wincasa-010.slbox.io:9443/instance_399/Win-CASA/Nachweise/Dokumente_Aufgaben Timeout=600s
2026-04-28 09:07:45.817 +02:00 [DBG] WEBDAV_RESPONSE LOCK https://raw.wincasa-010.slbox.io:9443/instance_399/Win-CASA/Nachweise/Dokumente_Aufgaben 404 4ms
2026-04-28 09:07:45.817 +02:00 [ERR] Propagator job failed: 9f84390cd7a51d2dd88aeb46f1fb5fd56442eb5b3ddf35d66f589e07bec5795d "DeleteRemote" C:\Users\jfischerk\CloudDrive\Win-CASA\Nachweise\Dokumente_Aufgaben
System.Net.Http.HttpRequestException: Response status code does not indicate success: 404 (Not Found).
   at System.Net.Http.HttpResponseMessage.EnsureSuccessStatusCode()
   at CloudDrive.Core.WebDav.WebDavService.LockAsync(String remotePath, WebDavLockRequest request, CancellationToken ct)
   at CloudDrive.Core.SyncEngine.WebDavLockCoordinator.AcquireWriteLockAsync(String localPath, String remotePath, CancellationToken ct)
   at CloudDrive.Core.SyncEngine.Propagator.DeleteRemoteAsync(ReconcileAction action, CancellationToken ct)
   at CloudDrive.Core.SyncEngine.Propagator.ApplyAsync(ReconcileAction action, CancellationToken ct)
   at CloudDrive.Core.SyncEngine.RetryPolicy.<>c__DisplayClass4_0.<<ExecuteAsync>b__0>d.MoveNext()
--- End of stack trace from previous location ---
   at CloudDrive.Core.SyncEngine.RetryPolicy.ExecuteAsync[T](Func`1 action, String operationName, CancellationToken ct)
   at CloudDrive.Core.SyncEngine.RetryPolicy.ExecuteAsync(Func`1 action, String operationName, CancellationToken ct)
   at CloudDrive.Core.SyncEngine.SyncCoordinator.ProcessPropagatorQueueAsync(CancellationToken ct)
2026-04-28 09:07:45.821 +02:00 [DBG] UI[Tray] State updated to "Error"
2026-04-28 09:07:45.822 +02:00 [DBG] WEBDAV_REQUEST LOCK https://raw.wincasa-010.slbox.io:9443/instance_399/Win-CASA/Nachweise/Dokumente_Vorgaenge Timeout=600s
2026-04-28 09:07:45.825 +02:00 [DBG] WEBDAV_RESPONSE LOCK https://raw.wincasa-010.slbox.io:9443/instance_399/Win-CASA/Nachweise/Dokumente_Vorgaenge 404 2ms
2026-04-28 09:07:45.825 +02:00 [ERR] Propagator job failed: fa5884ba9760c0fac9d8ca2181b0f4e6ba1aa8f15e08b6121ca2baa0f7e09048 "DeleteRemote" C:\Users\jfischerk\CloudDrive\Win-CASA\Nachweise\Dokumente_Vorgaenge
System.Net.Http.HttpRequestException: Response status code does not indicate success: 404 (Not Found).
   at System.Net.Http.HttpResponseMessage.EnsureSuccessStatusCode()
   at CloudDrive.Core.WebDav.WebDavService.LockAsync(String remotePath, WebDavLockRequest request, CancellationToken ct)
   at CloudDrive.Core.SyncEngine.WebDavLockCoordinator.AcquireWriteLockAsync(String localPath, String remotePath, CancellationToken ct)
   at CloudDrive.Core.SyncEngine.Propagator.DeleteRemoteAsync(ReconcileAction action, CancellationToken ct)
   at CloudDrive.Core.SyncEngine.Propagator.ApplyAsync(ReconcileAction action, CancellationToken ct)
   at CloudDrive.Core.SyncEngine.RetryPolicy.<>c__DisplayClass4_0.<<ExecuteAsync>b__0>d.MoveNext()
--- End of stack trace from previous location ---
   at CloudDrive.Core.SyncEngine.RetryPolicy.ExecuteAsync[T](Func`1 action, String operationName, CancellationToken ct)
   at CloudDrive.Core.SyncEngine.RetryPolicy.ExecuteAsync(Func`1 action, String operationName, CancellationToken ct)
   at CloudDrive.Core.SyncEngine.SyncCoordinator.ProcessPropagatorQueueAsync(CancellationToken ct)
2026-04-28 09:07:45.829 +02:00 [DBG] UI[Tray] State updated to "Error"
2026-04-28 09:07:45.829 +02:00 [DBG] WEBDAV_REQUEST LOCK https://raw.wincasa-010.slbox.io:9443/instance_399/Win-CASA/Nachweise/Drucken_POSTAUSGANG Timeout=600s
2026-04-28 09:07:45.832 +02:00 [DBG] WEBDAV_RESPONSE LOCK https://raw.wincasa-010.slbox.io:9443/instance_399/Win-CASA/Nachweise/Drucken_POSTAUSGANG 404 2ms
2026-04-28 09:07:45.832 +02:00 [ERR] Propagator job failed: a91951481a182760640c02119b84c8f6e3877d233480c6d2d752a9bd586fc6f9 "DeleteRemote" C:\Users\jfischerk\CloudDrive\Win-CASA\Nachweise\Drucken_POSTAUSGANG
System.Net.Http.HttpRequestException: Response status code does not indicate success: 404 (Not Found).
   at System.Net.Http.HttpResponseMessage.EnsureSuccessStatusCode()
   at CloudDrive.Core.WebDav.WebDavService.LockAsync(String remotePath, WebDavLockRequest request, CancellationToken ct)
   at CloudDrive.Core.SyncEngine.WebDavLockCoordinator.AcquireWriteLockAsync(String localPath, String remotePath, CancellationToken ct)
   at CloudDrive.Core.SyncEngine.Propagator.DeleteRemoteAsync(ReconcileAction action, CancellationToken ct)
   at CloudDrive.Core.SyncEngine.Propagator.ApplyAsync(ReconcileAction action, CancellationToken ct)
   at CloudDrive.Core.SyncEngine.RetryPolicy.<>c__DisplayClass4_0.<<ExecuteAsync>b__0>d.MoveNext()
--- End of stack trace from previous location ---
   at CloudDrive.Core.SyncEngine.RetryPolicy.ExecuteAsync[T](Func`1 action, String operationName, CancellationToken ct)
   at CloudDrive.Core.SyncEngine.RetryPolicy.ExecuteAsync(Func`1 action, String operationName, CancellationToken ct)
   at CloudDrive.Core.SyncEngine.SyncCoordinator.ProcessPropagatorQueueAsync(CancellationToken ct)
2026-04-28 09:07:45.835 +02:00 [WRN] Connection lost after 3 consecutive failures
2026-04-28 09:07:45.838 +02:00 [WRN] Problem recorded: "Connection" Connection lost LocalPath=null RemotePath=https://raw.wincasa-010.slbox.io:9443/instance_399 DedupeKey=connection:https://raw.wincasa-010.slbox.io:9443/instance_399
2026-04-28 09:07:45.838 +02:00 [INF] Explorer visual state: "Connected" -> "Disconnected"
2026-04-28 09:07:45.838 +02:00 [DBG] CfUpdateSyncProviderStatus set to "CF_PROVIDER_STATUS_CONNECTIVITY_LOST"
2026-04-28 09:07:45.839 +02:00 [INF] Explorer item update notified for C:\Users\jfischerk\CloudDrive
2026-04-28 09:07:45.840 +02:00 [INF] Explorer directory update notified for C:\Users\jfischerk\CloudDrive
2026-04-28 09:07:45.841 +02:00 [INF] Explorer refresh requested for C:\Users\jfischerk\CloudDrive
2026-04-28 09:07:45.868 +02:00 [INF] Explorer refresh completed for C:\Users\jfischerk\CloudDrive (windowsRefreshed=0)
2026-04-28 09:07:45.868 +02:00 [DBG] ReRegisterWithIconAsync debounced — skipping
2026-04-28 09:07:45.871 +02:00 [INF] Mount phase: "Ready" → "ConnectionLost"
2026-04-28 09:07:45.871 +02:00 [INF] Reconnection attempt 1 — waiting 5s (disconnected 0m 0s)
2026-04-28 09:07:45.871 +02:00 [DBG] WEBDAV_REQUEST LOCK https://raw.wincasa-010.slbox.io:9443/instance_399/Win-CASA/Nachweise/E-MAIL_POSTAUSGANG Timeout=600s
2026-04-28 09:07:45.875 +02:00 [DBG] WEBDAV_RESPONSE LOCK https://raw.wincasa-010.slbox.io:9443/instance_399/Win-CASA/Nachweise/E-MAIL_POSTAUSGANG 404 3ms
2026-04-28 09:07:45.875 +02:00 [ERR] Propagator job failed: 31ebfdaf17c069066fa4b3acbb7b7ab8531b4539ba7c740619a60786ebfeca72 "DeleteRemote" C:\Users\jfischerk\CloudDrive\Win-CASA\Nachweise\E-MAIL_POSTAUSGANG
System.Net.Http.HttpRequestException: Response status code does not indicate success: 404 (Not Found).
   at System.Net.Http.HttpResponseMessage.EnsureSuccessStatusCode()
   at CloudDrive.Core.WebDav.WebDavService.LockAsync(String remotePath, WebDavLockRequest request, CancellationToken ct)
   at CloudDrive.Core.SyncEngine.WebDavLockCoordinator.AcquireWriteLockAsync(String localPath, String remotePath, CancellationToken ct)
   at CloudDrive.Core.SyncEngine.Propagator.DeleteRemoteAsync(ReconcileAction action, CancellationToken ct)
   at CloudDrive.Core.SyncEngine.Propagator.ApplyAsync(ReconcileAction action, CancellationToken ct)
   at CloudDrive.Core.SyncEngine.RetryPolicy.<>c__DisplayClass4_0.<<ExecuteAsync>b__0>d.MoveNext()
--- End of stack trace from previous location ---
   at CloudDrive.Core.SyncEngine.RetryPolicy.ExecuteAsync[T](Func`1 action, String operationName, CancellationToken ct)
   at CloudDrive.Core.SyncEngine.RetryPolicy.ExecuteAsync(Func`1 action, String operationName, CancellationToken ct)
   at CloudDrive.Core.SyncEngine.SyncCoordinator.ProcessPropagatorQueueAsync(CancellationToken ct)
2026-04-28 09:07:50.885 +02:00 [INF] Connection restored — resuming sync
2026-04-28 09:07:50.885 +02:00 [INF] Explorer visual state: "Disconnected" -> "Connected"
2026-04-28 09:07:50.885 +02:00 [DBG] CfUpdateSyncProviderStatus set to "CF_PROVIDER_STATUS_IDLE"
2026-04-28 09:07:50.886 +02:00 [INF] Explorer item update notified for C:\Users\jfischerk\CloudDrive
2026-04-28 09:07:50.887 +02:00 [INF] Explorer directory update notified for C:\Users\jfischerk\CloudDrive
2026-04-28 09:07:50.888 +02:00 [INF] Explorer refresh requested for C:\Users\jfischerk\CloudDrive
2026-04-28 09:07:50.911 +02:00 [INF] Explorer refresh completed for C:\Users\jfischerk\CloudDrive (windowsRefreshed=0)
2026-04-28 09:07:51.005 +02:00 [INF] Mount phase: "ConnectionLost" → "Ready"
2026-04-28 09:07:51.025 +02:00 [DBG] UI[Tray] State updated to "Syncing"
2026-04-28 09:07:51.026 +02:00 [DBG] UI[Tray] State updated to "Syncing"
2026-04-28 09:07:51.032 +02:00 [DBG] WebDAV sync-collection REPORT not supported for /: Status=405
2026-04-28 09:07:51.032 +02:00 [INF] WebDav[SyncCollection] RemotePath=/ Depth=-1 Supported=false ItemsReturned=0 DurationMs=4
2026-04-28 09:07:51.032 +02:00 [INF] WebDav[ListDirectory] ActivityId=aa806ea5 RemotePath=/ Url=https://raw.wincasa-010.slbox.io:9443/instance_399
2026-04-28 09:07:51.040 +02:00 [INF] Re-registered sync root with icon: %SystemRoot%\system32\imageres.dll,-1043
2026-04-28 09:07:51.043 +02:00 [INF] WebDav[ListDirectory] ActivityId=aa806ea5 Response=207 DurationMs=10
2026-04-28 09:07:51.043 +02:00 [INF] WebDav[ListDirectory] ActivityId=aa806ea5 ItemsReturned=3
2026-04-28 09:07:51.044 +02:00 [DBG] Discovery completed for C:\Users\jfischerk\CloudDrive: Local=0 Remote=1 Journal=1 Actions=1
2026-04-28 09:07:51.048 +02:00 [INF] Queued reconcile action for propagation: Type="DeleteRemote" Path=C:\Users\jfischerk\CloudDrive\sk-TEST.docx OperationId=0b498997c74df0f4d053439b5cf9c762f7069a4d3d3b1634337deaf6cff77dd7
2026-04-28 09:07:51.048 +02:00 [INF] Queued 1 discovery action(s): Path=C:\Users\jfischerk\CloudDrive Depth=2147483647
2026-04-28 09:07:51.048 +02:00 [INF] Remote discovery pass completed: QueuedActions=1
2026-04-28 09:07:51.053 +02:00 [DBG] UI[Tray] State updated to "Synced"
2026-04-28 09:07:51.895 +02:00 [DBG] WEBDAV_REQUEST LOCK https://raw.wincasa-010.slbox.io:9443/instance_399/Win-CASA/Nachweise/Dokumente_Aufgaben Timeout=600s
2026-04-28 09:07:51.900 +02:00 [DBG] WEBDAV_RESPONSE LOCK https://raw.wincasa-010.slbox.io:9443/instance_399/Win-CASA/Nachweise/Dokumente_Aufgaben 404 4ms
2026-04-28 09:07:51.900 +02:00 [ERR] Propagator job failed: 9f84390cd7a51d2dd88aeb46f1fb5fd56442eb5b3ddf35d66f589e07bec5795d "DeleteRemote" C:\Users\jfischerk\CloudDrive\Win-CASA\Nachweise\Dokumente_Aufgaben
System.Net.Http.HttpRequestException: Response status code does not indicate success: 404 (Not Found).
   at System.Net.Http.HttpResponseMessage.EnsureSuccessStatusCode()
   at CloudDrive.Core.WebDav.WebDavService.LockAsync(String remotePath, WebDavLockRequest request, CancellationToken ct)
   at CloudDrive.Core.SyncEngine.WebDavLockCoordinator.AcquireWriteLockAsync(String localPath, String remotePath, CancellationToken ct)
   at CloudDrive.Core.SyncEngine.Propagator.DeleteRemoteAsync(ReconcileAction action, CancellationToken ct)
   at CloudDrive.Core.SyncEngine.Propagator.ApplyAsync(ReconcileAction action, CancellationToken ct)
   at CloudDrive.Core.SyncEngine.RetryPolicy.<>c__DisplayClass4_0.<<ExecuteAsync>b__0>d.MoveNext()
--- End of stack trace from previous location ---
   at CloudDrive.Core.SyncEngine.RetryPolicy.ExecuteAsync[T](Func`1 action, String operationName, CancellationToken ct)
   at CloudDrive.Core.SyncEngine.RetryPolicy.ExecuteAsync(Func`1 action, String operationName, CancellationToken ct)
   at CloudDrive.Core.SyncEngine.SyncCoordinator.ProcessPropagatorQueueAsync(CancellationToken ct)
2026-04-28 09:07:51.907 +02:00 [DBG] UI[Tray] State updated to "Error"
2026-04-28 09:07:51.908 +02:00 [DBG] WEBDAV_REQUEST LOCK https://raw.wincasa-010.slbox.io:9443/instance_399/Win-CASA/Nachweise/Dokumente_Vorgaenge Timeout=600s
2026-04-28 09:07:51.911 +02:00 [DBG] WEBDAV_RESPONSE LOCK https://raw.wincasa-010.slbox.io:9443/instance_399/Win-CASA/Nachweise/Dokumente_Vorgaenge 404 3ms
2026-04-28 09:07:51.912 +02:00 [ERR] Propagator job failed: fa5884ba9760c0fac9d8ca2181b0f4e6ba1aa8f15e08b6121ca2baa0f7e09048 "DeleteRemote" C:\Users\jfischerk\CloudDrive\Win-CASA\Nachweise\Dokumente_Vorgaenge
System.Net.Http.HttpRequestException: Response status code does not indicate success: 404 (Not Found).
   at System.Net.Http.HttpResponseMessage.EnsureSuccessStatusCode()
   at CloudDrive.Core.WebDav.WebDavService.LockAsync(String remotePath, WebDavLockRequest request, CancellationToken ct)
   at CloudDrive.Core.SyncEngine.WebDavLockCoordinator.AcquireWriteLockAsync(String localPath, String remotePath, CancellationToken ct)
   at CloudDrive.Core.SyncEngine.Propagator.DeleteRemoteAsync(ReconcileAction action, CancellationToken ct)
   at CloudDrive.Core.SyncEngine.Propagator.ApplyAsync(ReconcileAction action, CancellationToken ct)
   at CloudDrive.Core.SyncEngine.RetryPolicy.<>c__DisplayClass4_0.<<ExecuteAsync>b__0>d.MoveNext()
--- End of stack trace from previous location ---
   at CloudDrive.Core.SyncEngine.RetryPolicy.ExecuteAsync[T](Func`1 action, String operationName, CancellationToken ct)
   at CloudDrive.Core.SyncEngine.RetryPolicy.ExecuteAsync(Func`1 action, String operationName, CancellationToken ct)
   at CloudDrive.Core.SyncEngine.SyncCoordinator.ProcessPropagatorQueueAsync(CancellationToken ct)
2026-04-28 09:07:51.915 +02:00 [DBG] UI[Tray] State updated to "Error"
2026-04-28 09:07:51.916 +02:00 [DBG] WEBDAV_REQUEST LOCK https://raw.wincasa-010.slbox.io:9443/instance_399/Win-CASA/Nachweise/Drucken_POSTAUSGANG Timeout=600s
2026-04-28 09:07:51.919 +02:00 [DBG] WEBDAV_RESPONSE LOCK https://raw.wincasa-010.slbox.io:9443/instance_399/Win-CASA/Nachweise/Drucken_POSTAUSGANG 404 3ms
2026-04-28 09:07:51.919 +02:00 [ERR] Propagator job failed: a91951481a182760640c02119b84c8f6e3877d233480c6d2d752a9bd586fc6f9 "DeleteRemote" C:\Users\jfischerk\CloudDrive\Win-CASA\Nachweise\Drucken_POSTAUSGANG
System.Net.Http.HttpRequestException: Response status code does not indicate success: 404 (Not Found).
   at System.Net.Http.HttpResponseMessage.EnsureSuccessStatusCode()
   at CloudDrive.Core.WebDav.WebDavService.LockAsync(String remotePath, WebDavLockRequest request, CancellationToken ct)
   at CloudDrive.Core.SyncEngine.WebDavLockCoordinator.AcquireWriteLockAsync(String localPath, String remotePath, CancellationToken ct)
   at CloudDrive.Core.SyncEngine.Propagator.DeleteRemoteAsync(ReconcileAction action, CancellationToken ct)
   at CloudDrive.Core.SyncEngine.Propagator.ApplyAsync(ReconcileAction action, CancellationToken ct)
   at CloudDrive.Core.SyncEngine.RetryPolicy.<>c__DisplayClass4_0.<<ExecuteAsync>b__0>d.MoveNext()
--- End of stack trace from previous location ---
   at CloudDrive.Core.SyncEngine.RetryPolicy.ExecuteAsync[T](Func`1 action, String operationName, CancellationToken ct)
   at CloudDrive.Core.SyncEngine.RetryPolicy.ExecuteAsync(Func`1 action, String operationName, CancellationToken ct)
   at CloudDrive.Core.SyncEngine.SyncCoordinator.ProcessPropagatorQueueAsync(CancellationToken ct)
2026-04-28 09:07:51.922 +02:00 [WRN] Connection lost after 3 consecutive failures
2026-04-28 09:07:51.925 +02:00 [WRN] Problem recorded: "Connection" Connection lost LocalPath=null RemotePath=https://raw.wincasa-010.slbox.io:9443/instance_399 DedupeKey=connection:https://raw.wincasa-010.slbox.io:9443/instance_399
2026-04-28 09:07:51.925 +02:00 [INF] Explorer visual state: "Connected" -> "Disconnected"
2026-04-28 09:07:51.925 +02:00 [DBG] CfUpdateSyncProviderStatus set to "CF_PROVIDER_STATUS_CONNECTIVITY_LOST"
2026-04-28 09:07:51.926 +02:00 [INF] Explorer item update notified for C:\Users\jfischerk\CloudDrive
2026-04-28 09:07:51.926 +02:00 [INF] Explorer directory update notified for C:\Users\jfischerk\CloudDrive
2026-04-28 09:07:51.928 +02:00 [INF] Explorer refresh requested for C:\Users\jfischerk\CloudDrive
2026-04-28 09:07:51.953 +02:00 [INF] Explorer refresh completed for C:\Users\jfischerk\CloudDrive (windowsRefreshed=0)
2026-04-28 09:07:51.953 +02:00 [DBG] ReRegisterWithIconAsync debounced — skipping
2026-04-28 09:07:51.956 +02:00 [INF] Mount phase: "Ready" → "ConnectionLost"
2026-04-28 09:07:51.956 +02:00 [INF] Reconnection attempt 1 — waiting 5s (disconnected 0m 0s)
2026-04-28 09:07:51.956 +02:00 [DBG] WEBDAV_REQUEST LOCK https://raw.wincasa-010.slbox.io:9443/instance_399/Win-CASA/Nachweise/E-MAIL_POSTAUSGANG Timeout=600s
2026-04-28 09:07:51.960 +02:00 [DBG] WEBDAV_RESPONSE LOCK https://raw.wincasa-010.slbox.io:9443/instance_399/Win-CASA/Nachweise/E-MAIL_POSTAUSGANG 404 3ms
2026-04-28 09:07:51.960 +02:00 [ERR] Propagator job failed: 31ebfdaf17c069066fa4b3acbb7b7ab8531b4539ba7c740619a60786ebfeca72 "DeleteRemote" C:\Users\jfischerk\CloudDrive\Win-CASA\Nachweise\E-MAIL_POSTAUSGANG
System.Net.Http.HttpRequestException: Response status code does not indicate success: 404 (Not Found).
   at System.Net.Http.HttpResponseMessage.EnsureSuccessStatusCode()
   at CloudDrive.Core.WebDav.WebDavService.LockAsync(String remotePath, WebDavLockRequest request, CancellationToken ct)
   at CloudDrive.Core.SyncEngine.WebDavLockCoordinator.AcquireWriteLockAsync(String localPath, String remotePath, CancellationToken ct)
   at CloudDrive.Core.SyncEngine.Propagator.DeleteRemoteAsync(ReconcileAction action, CancellationToken ct)
   at CloudDrive.Core.SyncEngine.Propagator.ApplyAsync(ReconcileAction action, CancellationToken ct)
   at CloudDrive.Core.SyncEngine.RetryPolicy.<>c__DisplayClass4_0.<<ExecuteAsync>b__0>d.MoveNext()
--- End of stack trace from previous location ---
   at CloudDrive.Core.SyncEngine.RetryPolicy.ExecuteAsync[T](Func`1 action, String operationName, CancellationToken ct)
   at CloudDrive.Core.SyncEngine.RetryPolicy.ExecuteAsync(Func`1 action, String operationName, CancellationToken ct)
   at CloudDrive.Core.SyncEngine.SyncCoordinator.ProcessPropagatorQueueAsync(CancellationToken ct)
2026-04-28 09:07:52.068 +02:00 [DBG] FETCH_PLACEHOLDERS callback: \Users\jfischerk\CloudDrive
2026-04-28 09:07:52.068 +02:00 [DBG] PlaceholderManager[Fetch] ActivityId=aa873a84 WebDAV not ready, rejecting: \Users\jfischerk\CloudDrive
2026-04-28 09:07:52.070 +02:00 [DBG] FETCH_PLACEHOLDERS deduplicated (cooldown): \Users\jfischerk\CloudDrive
2026-04-28 09:07:56.969 +02:00 [INF] Connection restored — resuming sync
2026-04-28 09:07:56.970 +02:00 [INF] Explorer visual state: "Disconnected" -> "Connected"
2026-04-28 09:07:56.970 +02:00 [DBG] CfUpdateSyncProviderStatus set to "CF_PROVIDER_STATUS_IDLE"
2026-04-28 09:07:56.971 +02:00 [INF] Explorer item update notified for C:\Users\jfischerk\CloudDrive
2026-04-28 09:07:56.972 +02:00 [INF] Explorer directory update notified for C:\Users\jfischerk\CloudDrive
2026-04-28 09:07:56.973 +02:00 [INF] Explorer refresh requested for C:\Users\jfischerk\CloudDrive
2026-04-28 09:07:57.005 +02:00 [INF] Explorer refresh completed for C:\Users\jfischerk\CloudDrive (windowsRefreshed=0)
2026-04-28 09:07:57.102 +02:00 [INF] Mount phase: "ConnectionLost" → "Ready"
2026-04-28 09:07:57.132 +02:00 [INF] Re-registered sync root with icon: %SystemRoot%\system32\imageres.dll,-1043
2026-04-28 09:07:57.984 +02:00 [DBG] WEBDAV_REQUEST LOCK https://raw.wincasa-010.slbox.io:9443/instance_399/Win-CASA/Nachweise/Dokumente_Aufgaben Timeout=600s
2026-04-28 09:07:57.989 +02:00 [DBG] WEBDAV_RESPONSE LOCK https://raw.wincasa-010.slbox.io:9443/instance_399/Win-CASA/Nachweise/Dokumente_Aufgaben 404 4ms
2026-04-28 09:07:57.990 +02:00 [ERR] Propagator job failed: 9f84390cd7a51d2dd88aeb46f1fb5fd56442eb5b3ddf35d66f589e07bec5795d "DeleteRemote" C:\Users\jfischerk\CloudDrive\Win-CASA\Nachweise\Dokumente_Aufgaben
System.Net.Http.HttpRequestException: Response status code does not indicate success: 404 (Not Found).
   at System.Net.Http.HttpResponseMessage.EnsureSuccessStatusCode()
   at CloudDrive.Core.WebDav.WebDavService.LockAsync(String remotePath, WebDavLockRequest request, CancellationToken ct)
   at CloudDrive.Core.SyncEngine.WebDavLockCoordinator.AcquireWriteLockAsync(String localPath, String remotePath, CancellationToken ct)
   at CloudDrive.Core.SyncEngine.Propagator.DeleteRemoteAsync(ReconcileAction action, CancellationToken ct)
   at CloudDrive.Core.SyncEngine.Propagator.ApplyAsync(ReconcileAction action, CancellationToken ct)
   at CloudDrive.Core.SyncEngine.RetryPolicy.<>c__DisplayClass4_0.<<ExecuteAsync>b__0>d.MoveNext()
--- End of stack trace from previous location ---
   at CloudDrive.Core.SyncEngine.RetryPolicy.ExecuteAsync[T](Func`1 action, String operationName, CancellationToken ct)
   at CloudDrive.Core.SyncEngine.RetryPolicy.ExecuteAsync(Func`1 action, String operationName, CancellationToken ct)
   at CloudDrive.Core.SyncEngine.SyncCoordinator.ProcessPropagatorQueueAsync(CancellationToken ct)
2026-04-28 09:07:57.993 +02:00 [DBG] UI[Tray] State updated to "Error"
2026-04-28 09:07:57.993 +02:00 [DBG] WEBDAV_REQUEST LOCK https://raw.wincasa-010.slbox.io:9443/instance_399/Win-CASA/Nachweise/Dokumente_Vorgaenge Timeout=600s
2026-04-28 09:07:57.997 +02:00 [DBG] WEBDAV_RESPONSE LOCK https://raw.wincasa-010.slbox.io:9443/instance_399/Win-CASA/Nachweise/Dokumente_Vorgaenge 404 3ms
2026-04-28 09:07:57.997 +02:00 [ERR] Propagator job failed: fa5884ba9760c0fac9d8ca2181b0f4e6ba1aa8f15e08b6121ca2baa0f7e09048 "DeleteRemote" C:\Users\jfischerk\CloudDrive\Win-CASA\Nachweise\Dokumente_Vorgaenge
System.Net.Http.HttpRequestException: Response status code does not indicate success: 404 (Not Found).
   at System.Net.Http.HttpResponseMessage.EnsureSuccessStatusCode()
   at CloudDrive.Core.WebDav.WebDavService.LockAsync(String remotePath, WebDavLockRequest request, CancellationToken ct)
   at CloudDrive.Core.SyncEngine.WebDavLockCoordinator.AcquireWriteLockAsync(String localPath, String remotePath, CancellationToken ct)
   at CloudDrive.Core.SyncEngine.Propagator.DeleteRemoteAsync(ReconcileAction action, CancellationToken ct)
   at CloudDrive.Core.SyncEngine.Propagator.ApplyAsync(ReconcileAction action, CancellationToken ct)
   at CloudDrive.Core.SyncEngine.RetryPolicy.<>c__DisplayClass4_0.<<ExecuteAsync>b__0>d.MoveNext()
--- End of stack trace from previous location ---
   at CloudDrive.Core.SyncEngine.RetryPolicy.ExecuteAsync[T](Func`1 action, String operationName, CancellationToken ct)
   at CloudDrive.Core.SyncEngine.RetryPolicy.ExecuteAsync(Func`1 action, String operationName, CancellationToken ct)
   at CloudDrive.Core.SyncEngine.SyncCoordinator.ProcessPropagatorQueueAsync(CancellationToken ct)
2026-04-28 09:07:58.000 +02:00 [DBG] UI[Tray] State updated to "Error"
2026-04-28 09:07:58.001 +02:00 [DBG] WEBDAV_REQUEST LOCK https://raw.wincasa-010.slbox.io:9443/instance_399/Win-CASA/Nachweise/Drucken_POSTAUSGANG Timeout=600s
2026-04-28 09:07:58.004 +02:00 [DBG] WEBDAV_RESPONSE LOCK https://raw.wincasa-010.slbox.io:9443/instance_399/Win-CASA/Nachweise/Drucken_POSTAUSGANG 404 3ms
2026-04-28 09:07:58.004 +02:00 [ERR] Propagator job failed: a91951481a182760640c02119b84c8f6e3877d233480c6d2d752a9bd586fc6f9 "DeleteRemote" C:\Users\jfischerk\CloudDrive\Win-CASA\Nachweise\Drucken_POSTAUSGANG
System.Net.Http.HttpRequestException: Response status code does not indicate success: 404 (Not Found).
   at System.Net.Http.HttpResponseMessage.EnsureSuccessStatusCode()
   at CloudDrive.Core.WebDav.WebDavService.LockAsync(String remotePath, WebDavLockRequest request, CancellationToken ct)
   at CloudDrive.Core.SyncEngine.WebDavLockCoordinator.AcquireWriteLockAsync(String localPath, String remotePath, CancellationToken ct)
   at CloudDrive.Core.SyncEngine.Propagator.DeleteRemoteAsync(ReconcileAction action, CancellationToken ct)
   at CloudDrive.Core.SyncEngine.Propagator.ApplyAsync(ReconcileAction action, CancellationToken ct)
   at CloudDrive.Core.SyncEngine.RetryPolicy.<>c__DisplayClass4_0.<<ExecuteAsync>b__0>d.MoveNext()
--- End of stack trace from previous location ---
   at CloudDrive.Core.SyncEngine.RetryPolicy.ExecuteAsync[T](Func`1 action, String operationName, CancellationToken ct)
   at CloudDrive.Core.SyncEngine.RetryPolicy.ExecuteAsync(Func`1 action, String operationName, CancellationToken ct)
   at CloudDrive.Core.SyncEngine.SyncCoordinator.ProcessPropagatorQueueAsync(CancellationToken ct)
2026-04-28 09:07:58.007 +02:00 [WRN] Connection lost after 3 consecutive failures
2026-04-28 09:07:58.010 +02:00 [WRN] Problem recorded: "Connection" Connection lost LocalPath=null RemotePath=https://raw.wincasa-010.slbox.io:9443/instance_399 DedupeKey=connection:https://raw.wincasa-010.slbox.io:9443/instance_399
2026-04-28 09:07:58.010 +02:00 [INF] Explorer visual state: "Connected" -> "Disconnected"
2026-04-28 09:07:58.010 +02:00 [DBG] CfUpdateSyncProviderStatus set to "CF_PROVIDER_STATUS_CONNECTIVITY_LOST"
2026-04-28 09:07:58.011 +02:00 [INF] Explorer item update notified for C:\Users\jfischerk\CloudDrive
2026-04-28 09:07:58.012 +02:00 [INF] Explorer directory update notified for C:\Users\jfischerk\CloudDrive
2026-04-28 09:07:58.012 +02:00 [INF] Explorer refresh requested for C:\Users\jfischerk\CloudDrive
2026-04-28 09:07:58.030 +02:00 [INF] Explorer refresh completed for C:\Users\jfischerk\CloudDrive (windowsRefreshed=0)
2026-04-28 09:07:58.030 +02:00 [DBG] ReRegisterWithIconAsync debounced — skipping
2026-04-28 09:07:58.032 +02:00 [INF] Mount phase: "Ready" → "ConnectionLost"
2026-04-28 09:07:58.033 +02:00 [INF] Reconnection attempt 1 — waiting 5s (disconnected 0m 0s)
2026-04-28 09:07:58.033 +02:00 [DBG] WEBDAV_REQUEST LOCK https://raw.wincasa-010.slbox.io:9443/instance_399/Win-CASA/Nachweise/E-MAIL_POSTAUSGANG Timeout=600s
2026-04-28 09:07:58.036 +02:00 [DBG] WEBDAV_RESPONSE LOCK https://raw.wincasa-010.slbox.io:9443/instance_399/Win-CASA/Nachweise/E-MAIL_POSTAUSGANG 404 3ms
2026-04-28 09:07:58.036 +02:00 [ERR] Propagator job failed: 31ebfdaf17c069066fa4b3acbb7b7ab8531b4539ba7c740619a60786ebfeca72 "DeleteRemote" C:\Users\jfischerk\CloudDrive\Win-CASA\Nachweise\E-MAIL_POSTAUSGANG
System.Net.Http.HttpRequestException: Response status code does not indicate success: 404 (Not Found).
   at System.Net.Http.HttpResponseMessage.EnsureSuccessStatusCode()
   at CloudDrive.Core.WebDav.WebDavService.LockAsync(String remotePath, WebDavLockRequest request, CancellationToken ct)
   at CloudDrive.Core.SyncEngine.WebDavLockCoordinator.AcquireWriteLockAsync(String localPath, String remotePath, CancellationToken ct)
   at CloudDrive.Core.SyncEngine.Propagator.DeleteRemoteAsync(ReconcileAction action, CancellationToken ct)
   at CloudDrive.Core.SyncEngine.Propagator.ApplyAsync(ReconcileAction action, CancellationToken ct)
   at CloudDrive.Core.SyncEngine.RetryPolicy.<>c__DisplayClass4_0.<<ExecuteAsync>b__0>d.MoveNext()
--- End of stack trace from previous location ---
   at CloudDrive.Core.SyncEngine.RetryPolicy.ExecuteAsync[T](Func`1 action, String operationName, CancellationToken ct)
   at CloudDrive.Core.SyncEngine.RetryPolicy.ExecuteAsync(Func`1 action, String operationName, CancellationToken ct)
   at CloudDrive.Core.SyncEngine.SyncCoordinator.ProcessPropagatorQueueAsync(CancellationToken ct)
2026-04-28 09:08:03.042 +02:00 [INF] Connection restored — resuming sync
2026-04-28 09:08:03.042 +02:00 [INF] Explorer visual state: "Disconnected" -> "Connected"
2026-04-28 09:08:03.042 +02:00 [DBG] CfUpdateSyncProviderStatus set to "CF_PROVIDER_STATUS_IDLE"
2026-04-28 09:08:03.043 +02:00 [INF] Explorer item update notified for C:\Users\jfischerk\CloudDrive
2026-04-28 09:08:03.044 +02:00 [INF] Explorer directory update notified for C:\Users\jfischerk\CloudDrive
2026-04-28 09:08:03.045 +02:00 [INF] Explorer refresh requested for C:\Users\jfischerk\CloudDrive
2026-04-28 09:08:03.059 +02:00 [INF] Explorer refresh completed for C:\Users\jfischerk\CloudDrive (windowsRefreshed=0)
2026-04-28 09:08:03.141 +02:00 [INF] Mount phase: "ConnectionLost" → "Ready"
2026-04-28 09:08:03.174 +02:00 [INF] Re-registered sync root with icon: %SystemRoot%\system32\imageres.dll,-1043
2026-04-28 09:08:04.079 +02:00 [DBG] WEBDAV_REQUEST LOCK https://raw.wincasa-010.slbox.io:9443/instance_399/Win-CASA/Nachweise/Dokumente_Aufgaben Timeout=600s
2026-04-28 09:08:04.084 +02:00 [DBG] WEBDAV_RESPONSE LOCK https://raw.wincasa-010.slbox.io:9443/instance_399/Win-CASA/Nachweise/Dokumente_Aufgaben 404 5ms
2026-04-28 09:08:04.085 +02:00 [ERR] Propagator job failed: 9f84390cd7a51d2dd88aeb46f1fb5fd56442eb5b3ddf35d66f589e07bec5795d "DeleteRemote" C:\Users\jfischerk\CloudDrive\Win-CASA\Nachweise\Dokumente_Aufgaben
System.Net.Http.HttpRequestException: Response status code does not indicate success: 404 (Not Found).
   at System.Net.Http.HttpResponseMessage.EnsureSuccessStatusCode()
   at CloudDrive.Core.WebDav.WebDavService.LockAsync(String remotePath, WebDavLockRequest request, CancellationToken ct)
   at CloudDrive.Core.SyncEngine.WebDavLockCoordinator.AcquireWriteLockAsync(String localPath, String remotePath, CancellationToken ct)
   at CloudDrive.Core.SyncEngine.Propagator.DeleteRemoteAsync(ReconcileAction action, CancellationToken ct)
   at CloudDrive.Core.SyncEngine.Propagator.ApplyAsync(ReconcileAction action, CancellationToken ct)
   at CloudDrive.Core.SyncEngine.RetryPolicy.<>c__DisplayClass4_0.<<ExecuteAsync>b__0>d.MoveNext()
--- End of stack trace from previous location ---
   at CloudDrive.Core.SyncEngine.RetryPolicy.ExecuteAsync[T](Func`1 action, String operationName, CancellationToken ct)
   at CloudDrive.Core.SyncEngine.RetryPolicy.ExecuteAsync(Func`1 action, String operationName, CancellationToken ct)
   at CloudDrive.Core.SyncEngine.SyncCoordinator.ProcessPropagatorQueueAsync(CancellationToken ct)
2026-04-28 09:08:04.088 +02:00 [DBG] UI[Tray] State updated to "Error"
2026-04-28 09:08:04.089 +02:00 [DBG] WEBDAV_REQUEST LOCK https://raw.wincasa-010.slbox.io:9443/instance_399/Win-CASA/Nachweise/Dokumente_Vorgaenge Timeout=600s
2026-04-28 09:08:04.092 +02:00 [DBG] WEBDAV_RESPONSE LOCK https://raw.wincasa-010.slbox.io:9443/instance_399/Win-CASA/Nachweise/Dokumente_Vorgaenge 404 3ms
2026-04-28 09:08:04.093 +02:00 [ERR] Propagator job failed: fa5884ba9760c0fac9d8ca2181b0f4e6ba1aa8f15e08b6121ca2baa0f7e09048 "DeleteRemote" C:\Users\jfischerk\CloudDrive\Win-CASA\Nachweise\Dokumente_Vorgaenge
System.Net.Http.HttpRequestException: Response status code does not indicate success: 404 (Not Found).
   at System.Net.Http.HttpResponseMessage.EnsureSuccessStatusCode()
   at CloudDrive.Core.WebDav.WebDavService.LockAsync(String remotePath, WebDavLockRequest request, CancellationToken ct)
   at CloudDrive.Core.SyncEngine.WebDavLockCoordinator.AcquireWriteLockAsync(String localPath, String remotePath, CancellationToken ct)
   at CloudDrive.Core.SyncEngine.Propagator.DeleteRemoteAsync(ReconcileAction action, CancellationToken ct)
   at CloudDrive.Core.SyncEngine.Propagator.ApplyAsync(ReconcileAction action, CancellationToken ct)
   at CloudDrive.Core.SyncEngine.RetryPolicy.<>c__DisplayClass4_0.<<ExecuteAsync>b__0>d.MoveNext()
--- End of stack trace from previous location ---
   at CloudDrive.Core.SyncEngine.RetryPolicy.ExecuteAsync[T](Func`1 action, String operationName, CancellationToken ct)
   at CloudDrive.Core.SyncEngine.RetryPolicy.ExecuteAsync(Func`1 action, String operationName, CancellationToken ct)
   at CloudDrive.Core.SyncEngine.SyncCoordinator.ProcessPropagatorQueueAsync(CancellationToken ct)
2026-04-28 09:08:04.096 +02:00 [DBG] UI[Tray] State updated to "Error"
2026-04-28 09:08:04.096 +02:00 [DBG] WEBDAV_REQUEST LOCK https://raw.wincasa-010.slbox.io:9443/instance_399/Win-CASA/Nachweise/Drucken_POSTAUSGANG Timeout=600s
2026-04-28 09:08:04.100 +02:00 [DBG] WEBDAV_RESPONSE LOCK https://raw.wincasa-010.slbox.io:9443/instance_399/Win-CASA/Nachweise/Drucken_POSTAUSGANG 404 3ms
2026-04-28 09:08:04.100 +02:00 [ERR] Propagator job failed: a91951481a182760640c02119b84c8f6e3877d233480c6d2d752a9bd586fc6f9 "DeleteRemote" C:\Users\jfischerk\CloudDrive\Win-CASA\Nachweise\Drucken_POSTAUSGANG
System.Net.Http.HttpRequestException: Response status code does not indicate success: 404 (Not Found).
   at System.Net.Http.HttpResponseMessage.EnsureSuccessStatusCode()
   at CloudDrive.Core.WebDav.WebDavService.LockAsync(String remotePath, WebDavLockRequest request, CancellationToken ct)
   at CloudDrive.Core.SyncEngine.WebDavLockCoordinator.AcquireWriteLockAsync(String localPath, String remotePath, CancellationToken ct)
   at CloudDrive.Core.SyncEngine.Propagator.DeleteRemoteAsync(ReconcileAction action, CancellationToken ct)
   at CloudDrive.Core.SyncEngine.Propagator.ApplyAsync(ReconcileAction action, CancellationToken ct)
   at CloudDrive.Core.SyncEngine.RetryPolicy.<>c__DisplayClass4_0.<<ExecuteAsync>b__0>d.MoveNext()
--- End of stack trace from previous location ---
   at CloudDrive.Core.SyncEngine.RetryPolicy.ExecuteAsync[T](Func`1 action, String operationName, CancellationToken ct)
   at CloudDrive.Core.SyncEngine.RetryPolicy.ExecuteAsync(Func`1 action, String operationName, CancellationToken ct)
   at CloudDrive.Core.SyncEngine.SyncCoordinator.ProcessPropagatorQueueAsync(CancellationToken ct)
2026-04-28 09:08:04.103 +02:00 [WRN] Connection lost after 3 consecutive failures
2026-04-28 09:08:04.106 +02:00 [WRN] Problem recorded: "Connection" Connection lost LocalPath=null RemotePath=https://raw.wincasa-010.slbox.io:9443/instance_399 DedupeKey=connection:https://raw.wincasa-010.slbox.io:9443/instance_399
2026-04-28 09:08:04.106 +02:00 [INF] Explorer visual state: "Connected" -> "Disconnected"
2026-04-28 09:08:04.106 +02:00 [DBG] CfUpdateSyncProviderStatus set to "CF_PROVIDER_STATUS_CONNECTIVITY_LOST"
2026-04-28 09:08:04.107 +02:00 [INF] Explorer item update notified for C:\Users\jfischerk\CloudDrive
2026-04-28 09:08:04.108 +02:00 [INF] Explorer directory update notified for C:\Users\jfischerk\CloudDrive
2026-04-28 09:08:04.109 +02:00 [INF] Explorer refresh requested for C:\Users\jfischerk\CloudDrive
2026-04-28 09:08:04.126 +02:00 [INF] Explorer refresh completed for C:\Users\jfischerk\CloudDrive (windowsRefreshed=0)
2026-04-28 09:08:04.126 +02:00 [DBG] ReRegisterWithIconAsync debounced — skipping
2026-04-28 09:08:04.128 +02:00 [INF] Mount phase: "Ready" → "ConnectionLost"
2026-04-28 09:08:04.128 +02:00 [INF] Reconnection attempt 1 — waiting 5s (disconnected 0m 0s)
2026-04-28 09:08:04.128 +02:00 [DBG] WEBDAV_REQUEST LOCK https://raw.wincasa-010.slbox.io:9443/instance_399/Win-CASA/Nachweise/E-MAIL_POSTAUSGANG Timeout=600s
2026-04-28 09:08:04.132 +02:00 [DBG] WEBDAV_RESPONSE LOCK https://raw.wincasa-010.slbox.io:9443/instance_399/Win-CASA/Nachweise/E-MAIL_POSTAUSGANG 404 3ms
2026-04-28 09:08:04.132 +02:00 [ERR] Propagator job failed: 31ebfdaf17c069066fa4b3acbb7b7ab8531b4539ba7c740619a60786ebfeca72 "DeleteRemote" C:\Users\jfischerk\CloudDrive\Win-CASA\Nachweise\E-MAIL_POSTAUSGANG
System.Net.Http.HttpRequestException: Response status code does not indicate success: 404 (Not Found).
   at System.Net.Http.HttpResponseMessage.EnsureSuccessStatusCode()
   at CloudDrive.Core.WebDav.WebDavService.LockAsync(String remotePath, WebDavLockRequest request, CancellationToken ct)
   at CloudDrive.Core.SyncEngine.WebDavLockCoordinator.AcquireWriteLockAsync(String localPath, String remotePath, CancellationToken ct)
   at CloudDrive.Core.SyncEngine.Propagator.DeleteRemoteAsync(ReconcileAction action, CancellationToken ct)
   at CloudDrive.Core.SyncEngine.Propagator.ApplyAsync(ReconcileAction action, CancellationToken ct)
   at CloudDrive.Core.SyncEngine.RetryPolicy.<>c__DisplayClass4_0.<<ExecuteAsync>b__0>d.MoveNext()
--- End of stack trace from previous location ---
   at CloudDrive.Core.SyncEngine.RetryPolicy.ExecuteAsync[T](Func`1 action, String operationName, CancellationToken ct)
   at CloudDrive.Core.SyncEngine.RetryPolicy.ExecuteAsync(Func`1 action, String operationName, CancellationToken ct)
   at CloudDrive.Core.SyncEngine.SyncCoordinator.ProcessPropagatorQueueAsync(CancellationToken ct)
2026-04-28 09:08:09.134 +02:00 [INF] Connection restored — resuming sync
2026-04-28 09:08:09.134 +02:00 [INF] Explorer visual state: "Disconnected" -> "Connected"
2026-04-28 09:08:09.134 +02:00 [DBG] CfUpdateSyncProviderStatus set to "CF_PROVIDER_STATUS_IDLE"
2026-04-28 09:08:09.135 +02:00 [INF] Explorer item update notified for C:\Users\jfischerk\CloudDrive
2026-04-28 09:08:09.136 +02:00 [INF] Explorer directory update notified for C:\Users\jfischerk\CloudDrive
2026-04-28 09:08:09.137 +02:00 [INF] Explorer refresh requested for C:\Users\jfischerk\CloudDrive
2026-04-28 09:08:09.153 +02:00 [INF] Explorer refresh completed for C:\Users\jfischerk\CloudDrive (windowsRefreshed=0)
2026-04-28 09:08:09.253 +02:00 [INF] Mount phase: "ConnectionLost" → "Ready"
2026-04-28 09:08:09.291 +02:00 [INF] Re-registered sync root with icon: %SystemRoot%\system32\imageres.dll,-1043
2026-04-28 09:08:10.151 +02:00 [DBG] WEBDAV_REQUEST LOCK https://raw.wincasa-010.slbox.io:9443/instance_399/Win-CASA/Nachweise/Dokumente_Aufgaben Timeout=600s
2026-04-28 09:08:10.155 +02:00 [DBG] WEBDAV_RESPONSE LOCK https://raw.wincasa-010.slbox.io:9443/instance_399/Win-CASA/Nachweise/Dokumente_Aufgaben 404 3ms
2026-04-28 09:08:10.155 +02:00 [ERR] Propagator job failed: 9f84390cd7a51d2dd88aeb46f1fb5fd56442eb5b3ddf35d66f589e07bec5795d "DeleteRemote" C:\Users\jfischerk\CloudDrive\Win-CASA\Nachweise\Dokumente_Aufgaben
System.Net.Http.HttpRequestException: Response status code does not indicate success: 404 (Not Found).
   at System.Net.Http.HttpResponseMessage.EnsureSuccessStatusCode()
   at CloudDrive.Core.WebDav.WebDavService.LockAsync(String remotePath, WebDavLockRequest request, CancellationToken ct)
   at CloudDrive.Core.SyncEngine.WebDavLockCoordinator.AcquireWriteLockAsync(String localPath, String remotePath, CancellationToken ct)
   at CloudDrive.Core.SyncEngine.Propagator.DeleteRemoteAsync(ReconcileAction action, CancellationToken ct)
   at CloudDrive.Core.SyncEngine.Propagator.ApplyAsync(ReconcileAction action, CancellationToken ct)
   at CloudDrive.Core.SyncEngine.RetryPolicy.<>c__DisplayClass4_0.<<ExecuteAsync>b__0>d.MoveNext()
--- End of stack trace from previous location ---
   at CloudDrive.Core.SyncEngine.RetryPolicy.ExecuteAsync[T](Func`1 action, String operationName, CancellationToken ct)
   at CloudDrive.Core.SyncEngine.RetryPolicy.ExecuteAsync(Func`1 action, String operationName, CancellationToken ct)
   at CloudDrive.Core.SyncEngine.SyncCoordinator.ProcessPropagatorQueueAsync(CancellationToken ct)
2026-04-28 09:08:10.159 +02:00 [DBG] UI[Tray] State updated to "Error"
2026-04-28 09:08:10.160 +02:00 [DBG] WEBDAV_REQUEST LOCK https://raw.wincasa-010.slbox.io:9443/instance_399/Win-CASA/Nachweise/Dokumente_Vorgaenge Timeout=600s
2026-04-28 09:08:10.164 +02:00 [DBG] WEBDAV_RESPONSE LOCK https://raw.wincasa-010.slbox.io:9443/instance_399/Win-CASA/Nachweise/Dokumente_Vorgaenge 404 3ms
2026-04-28 09:08:10.164 +02:00 [ERR] Propagator job failed: fa5884ba9760c0fac9d8ca2181b0f4e6ba1aa8f15e08b6121ca2baa0f7e09048 "DeleteRemote" C:\Users\jfischerk\CloudDrive\Win-CASA\Nachweise\Dokumente_Vorgaenge
System.Net.Http.HttpRequestException: Response status code does not indicate success: 404 (Not Found).
   at System.Net.Http.HttpResponseMessage.EnsureSuccessStatusCode()
   at CloudDrive.Core.WebDav.WebDavService.LockAsync(String remotePath, WebDavLockRequest request, CancellationToken ct)
   at CloudDrive.Core.SyncEngine.WebDavLockCoordinator.AcquireWriteLockAsync(String localPath, String remotePath, CancellationToken ct)
   at CloudDrive.Core.SyncEngine.Propagator.DeleteRemoteAsync(ReconcileAction action, CancellationToken ct)
   at CloudDrive.Core.SyncEngine.Propagator.ApplyAsync(ReconcileAction action, CancellationToken ct)
   at CloudDrive.Core.SyncEngine.RetryPolicy.<>c__DisplayClass4_0.<<ExecuteAsync>b__0>d.MoveNext()
--- End of stack trace from previous location ---
   at CloudDrive.Core.SyncEngine.RetryPolicy.ExecuteAsync[T](Func`1 action, String operationName, CancellationToken ct)
   at CloudDrive.Core.SyncEngine.RetryPolicy.ExecuteAsync(Func`1 action, String operationName, CancellationToken ct)
   at CloudDrive.Core.SyncEngine.SyncCoordinator.ProcessPropagatorQueueAsync(CancellationToken ct)
2026-04-28 09:08:10.167 +02:00 [DBG] UI[Tray] State updated to "Error"
2026-04-28 09:08:10.168 +02:00 [DBG] WEBDAV_REQUEST LOCK https://raw.wincasa-010.slbox.io:9443/instance_399/Win-CASA/Nachweise/Drucken_POSTAUSGANG Timeout=600s
2026-04-28 09:08:10.172 +02:00 [DBG] WEBDAV_RESPONSE LOCK https://raw.wincasa-010.slbox.io:9443/instance_399/Win-CASA/Nachweise/Drucken_POSTAUSGANG 404 3ms
2026-04-28 09:08:10.172 +02:00 [ERR] Propagator job failed: a91951481a182760640c02119b84c8f6e3877d233480c6d2d752a9bd586fc6f9 "DeleteRemote" C:\Users\jfischerk\CloudDrive\Win-CASA\Nachweise\Drucken_POSTAUSGANG
System.Net.Http.HttpRequestException: Response status code does not indicate success: 404 (Not Found).
   at System.Net.Http.HttpResponseMessage.EnsureSuccessStatusCode()
   at CloudDrive.Core.WebDav.WebDavService.LockAsync(String remotePath, WebDavLockRequest request, CancellationToken ct)
   at CloudDrive.Core.SyncEngine.WebDavLockCoordinator.AcquireWriteLockAsync(String localPath, String remotePath, CancellationToken ct)
   at CloudDrive.Core.SyncEngine.Propagator.DeleteRemoteAsync(ReconcileAction action, CancellationToken ct)
   at CloudDrive.Core.SyncEngine.Propagator.ApplyAsync(ReconcileAction action, CancellationToken ct)
   at CloudDrive.Core.SyncEngine.RetryPolicy.<>c__DisplayClass4_0.<<ExecuteAsync>b__0>d.MoveNext()
--- End of stack trace from previous location ---
   at CloudDrive.Core.SyncEngine.RetryPolicy.ExecuteAsync[T](Func`1 action, String operationName, CancellationToken ct)
   at CloudDrive.Core.SyncEngine.RetryPolicy.ExecuteAsync(Func`1 action, String operationName, CancellationToken ct)
   at CloudDrive.Core.SyncEngine.SyncCoordinator.ProcessPropagatorQueueAsync(CancellationToken ct)
2026-04-28 09:08:10.175 +02:00 [WRN] Connection lost after 3 consecutive failures
2026-04-28 09:08:10.179 +02:00 [WRN] Problem recorded: "Connection" Connection lost LocalPath=null RemotePath=https://raw.wincasa-010.slbox.io:9443/instance_399 DedupeKey=connection:https://raw.wincasa-010.slbox.io:9443/instance_399
2026-04-28 09:08:10.179 +02:00 [INF] Explorer visual state: "Connected" -> "Disconnected"
2026-04-28 09:08:10.179 +02:00 [DBG] CfUpdateSyncProviderStatus set to "CF_PROVIDER_STATUS_CONNECTIVITY_LOST"
2026-04-28 09:08:10.180 +02:00 [INF] Explorer item update notified for C:\Users\jfischerk\CloudDrive
2026-04-28 09:08:10.181 +02:00 [INF] Explorer directory update notified for C:\Users\jfischerk\CloudDrive
2026-04-28 09:08:10.182 +02:00 [INF] Explorer refresh requested for C:\Users\jfischerk\CloudDrive
2026-04-28 09:08:10.201 +02:00 [INF] Explorer refresh completed for C:\Users\jfischerk\CloudDrive (windowsRefreshed=0)
2026-04-28 09:08:10.201 +02:00 [DBG] ReRegisterWithIconAsync debounced — skipping
2026-04-28 09:08:10.203 +02:00 [INF] Mount phase: "Ready" → "ConnectionLost"
2026-04-28 09:08:10.203 +02:00 [INF] Reconnection attempt 1 — waiting 5s (disconnected 0m 0s)
2026-04-28 09:08:10.203 +02:00 [DBG] WEBDAV_REQUEST LOCK https://raw.wincasa-010.slbox.io:9443/instance_399/Win-CASA/Nachweise/E-MAIL_POSTAUSGANG Timeout=600s
2026-04-28 09:08:10.207 +02:00 [DBG] WEBDAV_RESPONSE LOCK https://raw.wincasa-010.slbox.io:9443/instance_399/Win-CASA/Nachweise/E-MAIL_POSTAUSGANG 404 3ms
2026-04-28 09:08:10.207 +02:00 [ERR] Propagator job failed: 31ebfdaf17c069066fa4b3acbb7b7ab8531b4539ba7c740619a60786ebfeca72 "DeleteRemote" C:\Users\jfischerk\CloudDrive\Win-CASA\Nachweise\E-MAIL_POSTAUSGANG
System.Net.Http.HttpRequestException: Response status code does not indicate success: 404 (Not Found).
   at System.Net.Http.HttpResponseMessage.EnsureSuccessStatusCode()
   at CloudDrive.Core.WebDav.WebDavService.LockAsync(String remotePath, WebDavLockRequest request, CancellationToken ct)
   at CloudDrive.Core.SyncEngine.WebDavLockCoordinator.AcquireWriteLockAsync(String localPath, String remotePath, CancellationToken ct)
   at CloudDrive.Core.SyncEngine.Propagator.DeleteRemoteAsync(ReconcileAction action, CancellationToken ct)
   at CloudDrive.Core.SyncEngine.Propagator.ApplyAsync(ReconcileAction action, CancellationToken ct)
   at CloudDrive.Core.SyncEngine.RetryPolicy.<>c__DisplayClass4_0.<<ExecuteAsync>b__0>d.MoveNext()
--- End of stack trace from previous location ---
   at CloudDrive.Core.SyncEngine.RetryPolicy.ExecuteAsync[T](Func`1 action, String operationName, CancellationToken ct)
   at CloudDrive.Core.SyncEngine.RetryPolicy.ExecuteAsync(Func`1 action, String operationName, CancellationToken ct)
   at CloudDrive.Core.SyncEngine.SyncCoordinator.ProcessPropagatorQueueAsync(CancellationToken ct)
2026-04-28 09:08:15.222 +02:00 [INF] Connection restored — resuming sync
2026-04-28 09:08:15.222 +02:00 [INF] Explorer visual state: "Disconnected" -> "Connected"
2026-04-28 09:08:15.222 +02:00 [DBG] CfUpdateSyncProviderStatus set to "CF_PROVIDER_STATUS_IDLE"
2026-04-28 09:08:15.223 +02:00 [INF] Explorer item update notified for C:\Users\jfischerk\CloudDrive
2026-04-28 09:08:15.223 +02:00 [INF] Explorer directory update notified for C:\Users\jfischerk\CloudDrive
2026-04-28 09:08:15.224 +02:00 [INF] Explorer refresh requested for C:\Users\jfischerk\CloudDrive
2026-04-28 09:08:15.240 +02:00 [INF] Explorer refresh completed for C:\Users\jfischerk\CloudDrive (windowsRefreshed=0)
2026-04-28 09:08:15.324 +02:00 [INF] Mount phase: "ConnectionLost" → "Ready"
2026-04-28 09:08:15.353 +02:00 [INF] Re-registered sync root with icon: %SystemRoot%\system32\imageres.dll,-1043
2026-04-28 09:08:16.244 +02:00 [DBG] WEBDAV_REQUEST LOCK https://raw.wincasa-010.slbox.io:9443/instance_399/Win-CASA/Nachweise/Dokumente_Aufgaben Timeout=600s
2026-04-28 09:08:16.249 +02:00 [DBG] WEBDAV_RESPONSE LOCK https://raw.wincasa-010.slbox.io:9443/instance_399/Win-CASA/Nachweise/Dokumente_Aufgaben 404 4ms
2026-04-28 09:08:16.249 +02:00 [ERR] Propagator job failed: 9f84390cd7a51d2dd88aeb46f1fb5fd56442eb5b3ddf35d66f589e07bec5795d "DeleteRemote" C:\Users\jfischerk\CloudDrive\Win-CASA\Nachweise\Dokumente_Aufgaben
System.Net.Http.HttpRequestException: Response status code does not indicate success: 404 (Not Found).
   at System.Net.Http.HttpResponseMessage.EnsureSuccessStatusCode()
   at CloudDrive.Core.WebDav.WebDavService.LockAsync(String remotePath, WebDavLockRequest request, CancellationToken ct)
   at CloudDrive.Core.SyncEngine.WebDavLockCoordinator.AcquireWriteLockAsync(String localPath, String remotePath, CancellationToken ct)
   at CloudDrive.Core.SyncEngine.Propagator.DeleteRemoteAsync(ReconcileAction action, CancellationToken ct)
   at CloudDrive.Core.SyncEngine.Propagator.ApplyAsync(ReconcileAction action, CancellationToken ct)
   at CloudDrive.Core.SyncEngine.RetryPolicy.<>c__DisplayClass4_0.<<ExecuteAsync>b__0>d.MoveNext()
--- End of stack trace from previous location ---
   at CloudDrive.Core.SyncEngine.RetryPolicy.ExecuteAsync[T](Func`1 action, String operationName, CancellationToken ct)
   at CloudDrive.Core.SyncEngine.RetryPolicy.ExecuteAsync(Func`1 action, String operationName, CancellationToken ct)
   at CloudDrive.Core.SyncEngine.SyncCoordinator.ProcessPropagatorQueueAsync(CancellationToken ct)
2026-04-28 09:08:16.252 +02:00 [DBG] UI[Tray] State updated to "Error"
2026-04-28 09:08:16.253 +02:00 [DBG] WEBDAV_REQUEST LOCK https://raw.wincasa-010.slbox.io:9443/instance_399/Win-CASA/Nachweise/Dokumente_Vorgaenge Timeout=600s
2026-04-28 09:08:16.256 +02:00 [DBG] WEBDAV_RESPONSE LOCK https://raw.wincasa-010.slbox.io:9443/instance_399/Win-CASA/Nachweise/Dokumente_Vorgaenge 404 3ms
2026-04-28 09:08:16.256 +02:00 [ERR] Propagator job failed: fa5884ba9760c0fac9d8ca2181b0f4e6ba1aa8f15e08b6121ca2baa0f7e09048 "DeleteRemote" C:\Users\jfischerk\CloudDrive\Win-CASA\Nachweise\Dokumente_Vorgaenge
System.Net.Http.HttpRequestException: Response status code does not indicate success: 404 (Not Found).
   at System.Net.Http.HttpResponseMessage.EnsureSuccessStatusCode()
   at CloudDrive.Core.WebDav.WebDavService.LockAsync(String remotePath, WebDavLockRequest request, CancellationToken ct)
   at CloudDrive.Core.SyncEngine.WebDavLockCoordinator.AcquireWriteLockAsync(String localPath, String remotePath, CancellationToken ct)
   at CloudDrive.Core.SyncEngine.Propagator.DeleteRemoteAsync(ReconcileAction action, CancellationToken ct)
   at CloudDrive.Core.SyncEngine.Propagator.ApplyAsync(ReconcileAction action, CancellationToken ct)
   at CloudDrive.Core.SyncEngine.RetryPolicy.<>c__DisplayClass4_0.<<ExecuteAsync>b__0>d.MoveNext()
--- End of stack trace from previous location ---
   at CloudDrive.Core.SyncEngine.RetryPolicy.ExecuteAsync[T](Func`1 action, String operationName, CancellationToken ct)
   at CloudDrive.Core.SyncEngine.RetryPolicy.ExecuteAsync(Func`1 action, String operationName, CancellationToken ct)
   at CloudDrive.Core.SyncEngine.SyncCoordinator.ProcessPropagatorQueueAsync(CancellationToken ct)
2026-04-28 09:08:16.259 +02:00 [DBG] UI[Tray] State updated to "Error"
2026-04-28 09:08:16.260 +02:00 [DBG] WEBDAV_REQUEST LOCK https://raw.wincasa-010.slbox.io:9443/instance_399/Win-CASA/Nachweise/Drucken_POSTAUSGANG Timeout=600s
2026-04-28 09:08:16.263 +02:00 [DBG] WEBDAV_RESPONSE LOCK https://raw.wincasa-010.slbox.io:9443/instance_399/Win-CASA/Nachweise/Drucken_POSTAUSGANG 404 3ms
2026-04-28 09:08:16.263 +02:00 [ERR] Propagator job failed: a91951481a182760640c02119b84c8f6e3877d233480c6d2d752a9bd586fc6f9 "DeleteRemote" C:\Users\jfischerk\CloudDrive\Win-CASA\Nachweise\Drucken_POSTAUSGANG
System.Net.Http.HttpRequestException: Response status code does not indicate success: 404 (Not Found).
   at System.Net.Http.HttpResponseMessage.EnsureSuccessStatusCode()
   at CloudDrive.Core.WebDav.WebDavService.LockAsync(String remotePath, WebDavLockRequest request, CancellationToken ct)
   at CloudDrive.Core.SyncEngine.WebDavLockCoordinator.AcquireWriteLockAsync(String localPath, String remotePath, CancellationToken ct)
   at CloudDrive.Core.SyncEngine.Propagator.DeleteRemoteAsync(ReconcileAction action, CancellationToken ct)
   at CloudDrive.Core.SyncEngine.Propagator.ApplyAsync(ReconcileAction action, CancellationToken ct)
   at CloudDrive.Core.SyncEngine.RetryPolicy.<>c__DisplayClass4_0.<<ExecuteAsync>b__0>d.MoveNext()
--- End of stack trace from previous location ---
   at CloudDrive.Core.SyncEngine.RetryPolicy.ExecuteAsync[T](Func`1 action, String operationName, CancellationToken ct)
   at CloudDrive.Core.SyncEngine.RetryPolicy.ExecuteAsync(Func`1 action, String operationName, CancellationToken ct)
   at CloudDrive.Core.SyncEngine.SyncCoordinator.ProcessPropagatorQueueAsync(CancellationToken ct)
2026-04-28 09:08:16.266 +02:00 [WRN] Connection lost after 3 consecutive failures
2026-04-28 09:08:16.269 +02:00 [WRN] Problem recorded: "Connection" Connection lost LocalPath=null RemotePath=https://raw.wincasa-010.slbox.io:9443/instance_399 DedupeKey=connection:https://raw.wincasa-010.slbox.io:9443/instance_399
2026-04-28 09:08:16.269 +02:00 [INF] Explorer visual state: "Connected" -> "Disconnected"
2026-04-28 09:08:16.269 +02:00 [DBG] CfUpdateSyncProviderStatus set to "CF_PROVIDER_STATUS_CONNECTIVITY_LOST"
2026-04-28 09:08:16.269 +02:00 [INF] Explorer item update notified for C:\Users\jfischerk\CloudDrive
2026-04-28 09:08:16.270 +02:00 [INF] Explorer directory update notified for C:\Users\jfischerk\CloudDrive
2026-04-28 09:08:16.271 +02:00 [INF] Explorer refresh requested for C:\Users\jfischerk\CloudDrive
2026-04-28 09:08:16.288 +02:00 [INF] Explorer refresh completed for C:\Users\jfischerk\CloudDrive (windowsRefreshed=0)
2026-04-28 09:08:16.288 +02:00 [DBG] ReRegisterWithIconAsync debounced — skipping
2026-04-28 09:08:16.291 +02:00 [INF] Mount phase: "Ready" → "ConnectionLost"
2026-04-28 09:08:16.291 +02:00 [INF] Reconnection attempt 1 — waiting 5s (disconnected 0m 0s)
2026-04-28 09:08:16.291 +02:00 [DBG] WEBDAV_REQUEST LOCK https://raw.wincasa-010.slbox.io:9443/instance_399/Win-CASA/Nachweise/E-MAIL_POSTAUSGANG Timeout=600s
2026-04-28 09:08:16.294 +02:00 [DBG] WEBDAV_RESPONSE LOCK https://raw.wincasa-010.slbox.io:9443/instance_399/Win-CASA/Nachweise/E-MAIL_POSTAUSGANG 404 3ms
2026-04-28 09:08:16.294 +02:00 [ERR] Propagator job failed: 31ebfdaf17c069066fa4b3acbb7b7ab8531b4539ba7c740619a60786ebfeca72 "DeleteRemote" C:\Users\jfischerk\CloudDrive\Win-CASA\Nachweise\E-MAIL_POSTAUSGANG
System.Net.Http.HttpRequestException: Response status code does not indicate success: 404 (Not Found).
   at System.Net.Http.HttpResponseMessage.EnsureSuccessStatusCode()
   at CloudDrive.Core.WebDav.WebDavService.LockAsync(String remotePath, WebDavLockRequest request, CancellationToken ct)
   at CloudDrive.Core.SyncEngine.WebDavLockCoordinator.AcquireWriteLockAsync(String localPath, String remotePath, CancellationToken ct)
   at CloudDrive.Core.SyncEngine.Propagator.DeleteRemoteAsync(ReconcileAction action, CancellationToken ct)
   at CloudDrive.Core.SyncEngine.Propagator.ApplyAsync(ReconcileAction action, CancellationToken ct)
   at CloudDrive.Core.SyncEngine.RetryPolicy.<>c__DisplayClass4_0.<<ExecuteAsync>b__0>d.MoveNext()
--- End of stack trace from previous location ---
   at CloudDrive.Core.SyncEngine.RetryPolicy.ExecuteAsync[T](Func`1 action, String operationName, CancellationToken ct)
   at CloudDrive.Core.SyncEngine.RetryPolicy.ExecuteAsync(Func`1 action, String operationName, CancellationToken ct)
   at CloudDrive.Core.SyncEngine.SyncCoordinator.ProcessPropagatorQueueAsync(CancellationToken ct)
2026-04-28 09:08:21.307 +02:00 [INF] Connection restored — resuming sync
2026-04-28 09:08:21.307 +02:00 [INF] Explorer visual state: "Disconnected" -> "Connected"
2026-04-28 09:08:21.308 +02:00 [DBG] CfUpdateSyncProviderStatus set to "CF_PROVIDER_STATUS_IDLE"
2026-04-28 09:08:21.308 +02:00 [INF] Explorer item update notified for C:\Users\jfischerk\CloudDrive
2026-04-28 09:08:21.309 +02:00 [INF] Explorer directory update notified for C:\Users\jfischerk\CloudDrive
2026-04-28 09:08:21.310 +02:00 [INF] Explorer refresh requested for C:\Users\jfischerk\CloudDrive
2026-04-28 09:08:21.326 +02:00 [INF] Explorer refresh completed for C:\Users\jfischerk\CloudDrive (windowsRefreshed=0)
2026-04-28 09:08:21.410 +02:00 [INF] Mount phase: "ConnectionLost" → "Ready"
2026-04-28 09:08:21.440 +02:00 [INF] Re-registered sync root with icon: %SystemRoot%\system32\imageres.dll,-1043
2026-04-28 09:08:22.328 +02:00 [DBG] WEBDAV_REQUEST LOCK https://raw.wincasa-010.slbox.io:9443/instance_399/Win-CASA/Nachweise/Dokumente_Aufgaben Timeout=600s
2026-04-28 09:08:22.333 +02:00 [DBG] WEBDAV_RESPONSE LOCK https://raw.wincasa-010.slbox.io:9443/instance_399/Win-CASA/Nachweise/Dokumente_Aufgaben 404 5ms
2026-04-28 09:08:22.333 +02:00 [ERR] Propagator job failed: 9f84390cd7a51d2dd88aeb46f1fb5fd56442eb5b3ddf35d66f589e07bec5795d "DeleteRemote" C:\Users\jfischerk\CloudDrive\Win-CASA\Nachweise\Dokumente_Aufgaben
System.Net.Http.HttpRequestException: Response status code does not indicate success: 404 (Not Found).
   at System.Net.Http.HttpResponseMessage.EnsureSuccessStatusCode()
   at CloudDrive.Core.WebDav.WebDavService.LockAsync(String remotePath, WebDavLockRequest request, CancellationToken ct)
   at CloudDrive.Core.SyncEngine.WebDavLockCoordinator.AcquireWriteLockAsync(String localPath, String remotePath, CancellationToken ct)
   at CloudDrive.Core.SyncEngine.Propagator.DeleteRemoteAsync(ReconcileAction action, CancellationToken ct)
   at CloudDrive.Core.SyncEngine.Propagator.ApplyAsync(ReconcileAction action, CancellationToken ct)
   at CloudDrive.Core.SyncEngine.RetryPolicy.<>c__DisplayClass4_0.<<ExecuteAsync>b__0>d.MoveNext()
--- End of stack trace from previous location ---
   at CloudDrive.Core.SyncEngine.RetryPolicy.ExecuteAsync[T](Func`1 action, String operationName, CancellationToken ct)
   at CloudDrive.Core.SyncEngine.RetryPolicy.ExecuteAsync(Func`1 action, String operationName, CancellationToken ct)
   at CloudDrive.Core.SyncEngine.SyncCoordinator.ProcessPropagatorQueueAsync(CancellationToken ct)
2026-04-28 09:08:22.337 +02:00 [DBG] UI[Tray] State updated to "Error"
2026-04-28 09:08:22.337 +02:00 [DBG] WEBDAV_REQUEST LOCK https://raw.wincasa-010.slbox.io:9443/instance_399/Win-CASA/Nachweise/Dokumente_Vorgaenge Timeout=600s
2026-04-28 09:08:22.341 +02:00 [DBG] WEBDAV_RESPONSE LOCK https://raw.wincasa-010.slbox.io:9443/instance_399/Win-CASA/Nachweise/Dokumente_Vorgaenge 404 3ms
2026-04-28 09:08:22.341 +02:00 [ERR] Propagator job failed: fa5884ba9760c0fac9d8ca2181b0f4e6ba1aa8f15e08b6121ca2baa0f7e09048 "DeleteRemote" C:\Users\jfischerk\CloudDrive\Win-CASA\Nachweise\Dokumente_Vorgaenge
System.Net.Http.HttpRequestException: Response status code does not indicate success: 404 (Not Found).
   at System.Net.Http.HttpResponseMessage.EnsureSuccessStatusCode()
   at CloudDrive.Core.WebDav.WebDavService.LockAsync(String remotePath, WebDavLockRequest request, CancellationToken ct)
   at CloudDrive.Core.SyncEngine.WebDavLockCoordinator.AcquireWriteLockAsync(String localPath, String remotePath, CancellationToken ct)
   at CloudDrive.Core.SyncEngine.Propagator.DeleteRemoteAsync(ReconcileAction action, CancellationToken ct)
   at CloudDrive.Core.SyncEngine.Propagator.ApplyAsync(ReconcileAction action, CancellationToken ct)
   at CloudDrive.Core.SyncEngine.RetryPolicy.<>c__DisplayClass4_0.<<ExecuteAsync>b__0>d.MoveNext()
--- End of stack trace from previous location ---
   at CloudDrive.Core.SyncEngine.RetryPolicy.ExecuteAsync[T](Func`1 action, String operationName, CancellationToken ct)
   at CloudDrive.Core.SyncEngine.RetryPolicy.ExecuteAsync(Func`1 action, String operationName, CancellationToken ct)
   at CloudDrive.Core.SyncEngine.SyncCoordinator.ProcessPropagatorQueueAsync(CancellationToken ct)
2026-04-28 09:08:22.344 +02:00 [DBG] UI[Tray] State updated to "Error"
2026-04-28 09:08:22.345 +02:00 [DBG] WEBDAV_REQUEST LOCK https://raw.wincasa-010.slbox.io:9443/instance_399/Win-CASA/Nachweise/Drucken_POSTAUSGANG Timeout=600s
2026-04-28 09:08:22.348 +02:00 [DBG] WEBDAV_RESPONSE LOCK https://raw.wincasa-010.slbox.io:9443/instance_399/Win-CASA/Nachweise/Drucken_POSTAUSGANG 404 3ms
2026-04-28 09:08:22.348 +02:00 [ERR] Propagator job failed: a91951481a182760640c02119b84c8f6e3877d233480c6d2d752a9bd586fc6f9 "DeleteRemote" C:\Users\jfischerk\CloudDrive\Win-CASA\Nachweise\Drucken_POSTAUSGANG
System.Net.Http.HttpRequestException: Response status code does not indicate success: 404 (Not Found).
   at System.Net.Http.HttpResponseMessage.EnsureSuccessStatusCode()
   at CloudDrive.Core.WebDav.WebDavService.LockAsync(String remotePath, WebDavLockRequest request, CancellationToken ct)
   at CloudDrive.Core.SyncEngine.WebDavLockCoordinator.AcquireWriteLockAsync(String localPath, String remotePath, CancellationToken ct)
   at CloudDrive.Core.SyncEngine.Propagator.DeleteRemoteAsync(ReconcileAction action, CancellationToken ct)
   at CloudDrive.Core.SyncEngine.Propagator.ApplyAsync(ReconcileAction action, CancellationToken ct)
   at CloudDrive.Core.SyncEngine.RetryPolicy.<>c__DisplayClass4_0.<<ExecuteAsync>b__0>d.MoveNext()
--- End of stack trace from previous location ---
   at CloudDrive.Core.SyncEngine.RetryPolicy.ExecuteAsync[T](Func`1 action, String operationName, CancellationToken ct)
   at CloudDrive.Core.SyncEngine.RetryPolicy.ExecuteAsync(Func`1 action, String operationName, CancellationToken ct)
   at CloudDrive.Core.SyncEngine.SyncCoordinator.ProcessPropagatorQueueAsync(CancellationToken ct)
2026-04-28 09:08:22.351 +02:00 [WRN] Connection lost after 3 consecutive failures
2026-04-28 09:08:22.353 +02:00 [WRN] Problem recorded: "Connection" Connection lost LocalPath=null RemotePath=https://raw.wincasa-010.slbox.io:9443/instance_399 DedupeKey=connection:https://raw.wincasa-010.slbox.io:9443/instance_399
2026-04-28 09:08:22.353 +02:00 [INF] Explorer visual state: "Connected" -> "Disconnected"
2026-04-28 09:08:22.353 +02:00 [DBG] CfUpdateSyncProviderStatus set to "CF_PROVIDER_STATUS_CONNECTIVITY_LOST"
2026-04-28 09:08:22.354 +02:00 [INF] Explorer item update notified for C:\Users\jfischerk\CloudDrive
2026-04-28 09:08:22.355 +02:00 [INF] Explorer directory update notified for C:\Users\jfischerk\CloudDrive
2026-04-28 09:08:22.356 +02:00 [INF] Explorer refresh requested for C:\Users\jfischerk\CloudDrive
2026-04-28 09:08:22.375 +02:00 [INF] Explorer refresh completed for C:\Users\jfischerk\CloudDrive (windowsRefreshed=0)
2026-04-28 09:08:22.375 +02:00 [DBG] ReRegisterWithIconAsync debounced — skipping
2026-04-28 09:08:22.377 +02:00 [INF] Mount phase: "Ready" → "ConnectionLost"
2026-04-28 09:08:22.377 +02:00 [INF] Reconnection attempt 1 — waiting 5s (disconnected 0m 0s)
2026-04-28 09:08:22.377 +02:00 [DBG] WEBDAV_REQUEST LOCK https://raw.wincasa-010.slbox.io:9443/instance_399/Win-CASA/Nachweise/E-MAIL_POSTAUSGANG Timeout=600s
2026-04-28 09:08:22.381 +02:00 [DBG] WEBDAV_RESPONSE LOCK https://raw.wincasa-010.slbox.io:9443/instance_399/Win-CASA/Nachweise/E-MAIL_POSTAUSGANG 404 3ms
2026-04-28 09:08:22.381 +02:00 [ERR] Propagator job failed: 31ebfdaf17c069066fa4b3acbb7b7ab8531b4539ba7c740619a60786ebfeca72 "DeleteRemote" C:\Users\jfischerk\CloudDrive\Win-CASA\Nachweise\E-MAIL_POSTAUSGANG
System.Net.Http.HttpRequestException: Response status code does not indicate success: 404 (Not Found).
   at System.Net.Http.HttpResponseMessage.EnsureSuccessStatusCode()
   at CloudDrive.Core.WebDav.WebDavService.LockAsync(String remotePath, WebDavLockRequest request, CancellationToken ct)
   at CloudDrive.Core.SyncEngine.WebDavLockCoordinator.AcquireWriteLockAsync(String localPath, String remotePath, CancellationToken ct)
   at CloudDrive.Core.SyncEngine.Propagator.DeleteRemoteAsync(ReconcileAction action, CancellationToken ct)
   at CloudDrive.Core.SyncEngine.Propagator.ApplyAsync(ReconcileAction action, CancellationToken ct)
   at CloudDrive.Core.SyncEngine.RetryPolicy.<>c__DisplayClass4_0.<<ExecuteAsync>b__0>d.MoveNext()
--- End of stack trace from previous location ---
   at CloudDrive.Core.SyncEngine.RetryPolicy.ExecuteAsync[T](Func`1 action, String operationName, CancellationToken ct)
   at CloudDrive.Core.SyncEngine.RetryPolicy.ExecuteAsync(Func`1 action, String operationName, CancellationToken ct)
   at CloudDrive.Core.SyncEngine.SyncCoordinator.ProcessPropagatorQueueAsync(CancellationToken ct)
2026-04-28 09:08:27.395 +02:00 [INF] Connection restored — resuming sync
2026-04-28 09:08:27.395 +02:00 [INF] Explorer visual state: "Disconnected" -> "Connected"
2026-04-28 09:08:27.395 +02:00 [DBG] CfUpdateSyncProviderStatus set to "CF_PROVIDER_STATUS_IDLE"
2026-04-28 09:08:27.396 +02:00 [INF] Explorer item update notified for C:\Users\jfischerk\CloudDrive
2026-04-28 09:08:27.397 +02:00 [INF] Explorer directory update notified for C:\Users\jfischerk\CloudDrive
2026-04-28 09:08:27.398 +02:00 [INF] Explorer refresh requested for C:\Users\jfischerk\CloudDrive
2026-04-28 09:08:27.414 +02:00 [INF] Explorer refresh completed for C:\Users\jfischerk\CloudDrive (windowsRefreshed=0)
2026-04-28 09:08:27.498 +02:00 [INF] Mount phase: "ConnectionLost" → "Ready"
2026-04-28 09:08:27.534 +02:00 [INF] Re-registered sync root with icon: %SystemRoot%\system32\imageres.dll,-1043
2026-04-28 09:08:28.414 +02:00 [DBG] WEBDAV_REQUEST LOCK https://raw.wincasa-010.slbox.io:9443/instance_399/Win-CASA/Nachweise/Dokumente_Aufgaben Timeout=600s
2026-04-28 09:08:28.419 +02:00 [DBG] WEBDAV_RESPONSE LOCK https://raw.wincasa-010.slbox.io:9443/instance_399/Win-CASA/Nachweise/Dokumente_Aufgaben 404 4ms
2026-04-28 09:08:28.419 +02:00 [ERR] Propagator job failed: 9f84390cd7a51d2dd88aeb46f1fb5fd56442eb5b3ddf35d66f589e07bec5795d "DeleteRemote" C:\Users\jfischerk\CloudDrive\Win-CASA\Nachweise\Dokumente_Aufgaben
System.Net.Http.HttpRequestException: Response status code does not indicate success: 404 (Not Found).
   at System.Net.Http.HttpResponseMessage.EnsureSuccessStatusCode()
   at CloudDrive.Core.WebDav.WebDavService.LockAsync(String remotePath, WebDavLockRequest request, CancellationToken ct)
   at CloudDrive.Core.SyncEngine.WebDavLockCoordinator.AcquireWriteLockAsync(String localPath, String remotePath, CancellationToken ct)
   at CloudDrive.Core.SyncEngine.Propagator.DeleteRemoteAsync(ReconcileAction action, CancellationToken ct)
   at CloudDrive.Core.SyncEngine.Propagator.ApplyAsync(ReconcileAction action, CancellationToken ct)
   at CloudDrive.Core.SyncEngine.RetryPolicy.<>c__DisplayClass4_0.<<ExecuteAsync>b__0>d.MoveNext()
--- End of stack trace from previous location ---
   at CloudDrive.Core.SyncEngine.RetryPolicy.ExecuteAsync[T](Func`1 action, String operationName, CancellationToken ct)
   at CloudDrive.Core.SyncEngine.RetryPolicy.ExecuteAsync(Func`1 action, String operationName, CancellationToken ct)
   at CloudDrive.Core.SyncEngine.SyncCoordinator.ProcessPropagatorQueueAsync(CancellationToken ct)
2026-04-28 09:08:28.422 +02:00 [DBG] UI[Tray] State updated to "Error"
2026-04-28 09:08:28.423 +02:00 [DBG] WEBDAV_REQUEST LOCK https://raw.wincasa-010.slbox.io:9443/instance_399/Win-CASA/Nachweise/Dokumente_Vorgaenge Timeout=600s
2026-04-28 09:08:28.426 +02:00 [DBG] WEBDAV_RESPONSE LOCK https://raw.wincasa-010.slbox.io:9443/instance_399/Win-CASA/Nachweise/Dokumente_Vorgaenge 404 3ms
2026-04-28 09:08:28.427 +02:00 [ERR] Propagator job failed: fa5884ba9760c0fac9d8ca2181b0f4e6ba1aa8f15e08b6121ca2baa0f7e09048 "DeleteRemote" C:\Users\jfischerk\CloudDrive\Win-CASA\Nachweise\Dokumente_Vorgaenge
System.Net.Http.HttpRequestException: Response status code does not indicate success: 404 (Not Found).
   at System.Net.Http.HttpResponseMessage.EnsureSuccessStatusCode()
   at CloudDrive.Core.WebDav.WebDavService.LockAsync(String remotePath, WebDavLockRequest request, CancellationToken ct)
   at CloudDrive.Core.SyncEngine.WebDavLockCoordinator.AcquireWriteLockAsync(String localPath, String remotePath, CancellationToken ct)
   at CloudDrive.Core.SyncEngine.Propagator.DeleteRemoteAsync(ReconcileAction action, CancellationToken ct)
   at CloudDrive.Core.SyncEngine.Propagator.ApplyAsync(ReconcileAction action, CancellationToken ct)
   at CloudDrive.Core.SyncEngine.RetryPolicy.<>c__DisplayClass4_0.<<ExecuteAsync>b__0>d.MoveNext()
--- End of stack trace from previous location ---
   at CloudDrive.Core.SyncEngine.RetryPolicy.ExecuteAsync[T](Func`1 action, String operationName, CancellationToken ct)
   at CloudDrive.Core.SyncEngine.RetryPolicy.ExecuteAsync(Func`1 action, String operationName, CancellationToken ct)
   at CloudDrive.Core.SyncEngine.SyncCoordinator.ProcessPropagatorQueueAsync(CancellationToken ct)
2026-04-28 09:08:28.430 +02:00 [DBG] UI[Tray] State updated to "Error"
2026-04-28 09:08:28.431 +02:00 [DBG] WEBDAV_REQUEST LOCK https://raw.wincasa-010.slbox.io:9443/instance_399/Win-CASA/Nachweise/Drucken_POSTAUSGANG Timeout=600s
2026-04-28 09:08:28.434 +02:00 [DBG] WEBDAV_RESPONSE LOCK https://raw.wincasa-010.slbox.io:9443/instance_399/Win-CASA/Nachweise/Drucken_POSTAUSGANG 404 3ms
2026-04-28 09:08:28.435 +02:00 [ERR] Propagator job failed: a91951481a182760640c02119b84c8f6e3877d233480c6d2d752a9bd586fc6f9 "DeleteRemote" C:\Users\jfischerk\CloudDrive\Win-CASA\Nachweise\Drucken_POSTAUSGANG
System.Net.Http.HttpRequestException: Response status code does not indicate success: 404 (Not Found).
   at System.Net.Http.HttpResponseMessage.EnsureSuccessStatusCode()
   at CloudDrive.Core.WebDav.WebDavService.LockAsync(String remotePath, WebDavLockRequest request, CancellationToken ct)
   at CloudDrive.Core.SyncEngine.WebDavLockCoordinator.AcquireWriteLockAsync(String localPath, String remotePath, CancellationToken ct)
   at CloudDrive.Core.SyncEngine.Propagator.DeleteRemoteAsync(ReconcileAction action, CancellationToken ct)
   at CloudDrive.Core.SyncEngine.Propagator.ApplyAsync(ReconcileAction action, CancellationToken ct)
   at CloudDrive.Core.SyncEngine.RetryPolicy.<>c__DisplayClass4_0.<<ExecuteAsync>b__0>d.MoveNext()
--- End of stack trace from previous location ---
   at CloudDrive.Core.SyncEngine.RetryPolicy.ExecuteAsync[T](Func`1 action, String operationName, CancellationToken ct)
   at CloudDrive.Core.SyncEngine.RetryPolicy.ExecuteAsync(Func`1 action, String operationName, CancellationToken ct)
   at CloudDrive.Core.SyncEngine.SyncCoordinator.ProcessPropagatorQueueAsync(CancellationToken ct)
2026-04-28 09:08:28.437 +02:00 [WRN] Connection lost after 3 consecutive failures
2026-04-28 09:08:28.440 +02:00 [WRN] Problem recorded: "Connection" Connection lost LocalPath=null RemotePath=https://raw.wincasa-010.slbox.io:9443/instance_399 DedupeKey=connection:https://raw.wincasa-010.slbox.io:9443/instance_399
2026-04-28 09:08:28.440 +02:00 [INF] Explorer visual state: "Connected" -> "Disconnected"
2026-04-28 09:08:28.440 +02:00 [DBG] CfUpdateSyncProviderStatus set to "CF_PROVIDER_STATUS_CONNECTIVITY_LOST"
2026-04-28 09:08:28.441 +02:00 [INF] Explorer item update notified for C:\Users\jfischerk\CloudDrive
2026-04-28 09:08:28.441 +02:00 [INF] Explorer directory update notified for C:\Users\jfischerk\CloudDrive
2026-04-28 09:08:28.442 +02:00 [INF] Explorer refresh requested for C:\Users\jfischerk\CloudDrive
2026-04-28 09:08:28.462 +02:00 [INF] Explorer refresh completed for C:\Users\jfischerk\CloudDrive (windowsRefreshed=0)
2026-04-28 09:08:28.462 +02:00 [DBG] ReRegisterWithIconAsync debounced — skipping
2026-04-28 09:08:28.464 +02:00 [INF] Mount phase: "Ready" → "ConnectionLost"
2026-04-28 09:08:28.464 +02:00 [INF] Reconnection attempt 1 — waiting 5s (disconnected 0m 0s)
2026-04-28 09:08:28.465 +02:00 [DBG] WEBDAV_REQUEST LOCK https://raw.wincasa-010.slbox.io:9443/instance_399/Win-CASA/Nachweise/E-MAIL_POSTAUSGANG Timeout=600s
2026-04-28 09:08:28.468 +02:00 [DBG] WEBDAV_RESPONSE LOCK https://raw.wincasa-010.slbox.io:9443/instance_399/Win-CASA/Nachweise/E-MAIL_POSTAUSGANG 404 3ms
2026-04-28 09:08:28.468 +02:00 [ERR] Propagator job failed: 31ebfdaf17c069066fa4b3acbb7b7ab8531b4539ba7c740619a60786ebfeca72 "DeleteRemote" C:\Users\jfischerk\CloudDrive\Win-CASA\Nachweise\E-MAIL_POSTAUSGANG
System.Net.Http.HttpRequestException: Response status code does not indicate success: 404 (Not Found).
   at System.Net.Http.HttpResponseMessage.EnsureSuccessStatusCode()
   at CloudDrive.Core.WebDav.WebDavService.LockAsync(String remotePath, WebDavLockRequest request, CancellationToken ct)
   at CloudDrive.Core.SyncEngine.WebDavLockCoordinator.AcquireWriteLockAsync(String localPath, String remotePath, CancellationToken ct)
   at CloudDrive.Core.SyncEngine.Propagator.DeleteRemoteAsync(ReconcileAction action, CancellationToken ct)
   at CloudDrive.Core.SyncEngine.Propagator.ApplyAsync(ReconcileAction action, CancellationToken ct)
   at CloudDrive.Core.SyncEngine.RetryPolicy.<>c__DisplayClass4_0.<<ExecuteAsync>b__0>d.MoveNext()
--- End of stack trace from previous location ---
   at CloudDrive.Core.SyncEngine.RetryPolicy.ExecuteAsync[T](Func`1 action, String operationName, CancellationToken ct)
   at CloudDrive.Core.SyncEngine.RetryPolicy.ExecuteAsync(Func`1 action, String operationName, CancellationToken ct)
   at CloudDrive.Core.SyncEngine.SyncCoordinator.ProcessPropagatorQueueAsync(CancellationToken ct)
2026-04-28 09:08:33.474 +02:00 [INF] Connection restored — resuming sync
2026-04-28 09:08:33.474 +02:00 [INF] Explorer visual state: "Disconnected" -> "Connected"
2026-04-28 09:08:33.474 +02:00 [DBG] CfUpdateSyncProviderStatus set to "CF_PROVIDER_STATUS_IDLE"
2026-04-28 09:08:33.475 +02:00 [INF] Explorer item update notified for C:\Users\jfischerk\CloudDrive
2026-04-28 09:08:33.476 +02:00 [INF] Explorer directory update notified for C:\Users\jfischerk\CloudDrive
2026-04-28 09:08:33.476 +02:00 [INF] Explorer refresh requested for C:\Users\jfischerk\CloudDrive
2026-04-28 09:08:33.491 +02:00 [INF] Explorer refresh completed for C:\Users\jfischerk\CloudDrive (windowsRefreshed=0)
2026-04-28 09:08:33.573 +02:00 [INF] Mount phase: "ConnectionLost" → "Ready"
2026-04-28 09:08:33.603 +02:00 [INF] Re-registered sync root with icon: %SystemRoot%\system32\imageres.dll,-1043
2026-04-28 09:08:34.508 +02:00 [DBG] WEBDAV_REQUEST LOCK https://raw.wincasa-010.slbox.io:9443/instance_399/Win-CASA/Nachweise/Dokumente_Aufgaben Timeout=600s
2026-04-28 09:08:34.513 +02:00 [DBG] WEBDAV_RESPONSE LOCK https://raw.wincasa-010.slbox.io:9443/instance_399/Win-CASA/Nachweise/Dokumente_Aufgaben 404 4ms
2026-04-28 09:08:34.513 +02:00 [ERR] Propagator job failed: 9f84390cd7a51d2dd88aeb46f1fb5fd56442eb5b3ddf35d66f589e07bec5795d "DeleteRemote" C:\Users\jfischerk\CloudDrive\Win-CASA\Nachweise\Dokumente_Aufgaben
System.Net.Http.HttpRequestException: Response status code does not indicate success: 404 (Not Found).
   at System.Net.Http.HttpResponseMessage.EnsureSuccessStatusCode()
   at CloudDrive.Core.WebDav.WebDavService.LockAsync(String remotePath, WebDavLockRequest request, CancellationToken ct)
   at CloudDrive.Core.SyncEngine.WebDavLockCoordinator.AcquireWriteLockAsync(String localPath, String remotePath, CancellationToken ct)
   at CloudDrive.Core.SyncEngine.Propagator.DeleteRemoteAsync(ReconcileAction action, CancellationToken ct)
   at CloudDrive.Core.SyncEngine.Propagator.ApplyAsync(ReconcileAction action, CancellationToken ct)
   at CloudDrive.Core.SyncEngine.RetryPolicy.<>c__DisplayClass4_0.<<ExecuteAsync>b__0>d.MoveNext()
--- End of stack trace from previous location ---
   at CloudDrive.Core.SyncEngine.RetryPolicy.ExecuteAsync[T](Func`1 action, String operationName, CancellationToken ct)
   at CloudDrive.Core.SyncEngine.RetryPolicy.ExecuteAsync(Func`1 action, String operationName, CancellationToken ct)
   at CloudDrive.Core.SyncEngine.SyncCoordinator.ProcessPropagatorQueueAsync(CancellationToken ct)
2026-04-28 09:08:34.517 +02:00 [DBG] UI[Tray] State updated to "Error"
2026-04-28 09:08:34.517 +02:00 [DBG] WEBDAV_REQUEST LOCK https://raw.wincasa-010.slbox.io:9443/instance_399/Win-CASA/Nachweise/Dokumente_Vorgaenge Timeout=600s
2026-04-28 09:08:34.521 +02:00 [DBG] WEBDAV_RESPONSE LOCK https://raw.wincasa-010.slbox.io:9443/instance_399/Win-CASA/Nachweise/Dokumente_Vorgaenge 404 3ms
2026-04-28 09:08:34.521 +02:00 [ERR] Propagator job failed: fa5884ba9760c0fac9d8ca2181b0f4e6ba1aa8f15e08b6121ca2baa0f7e09048 "DeleteRemote" C:\Users\jfischerk\CloudDrive\Win-CASA\Nachweise\Dokumente_Vorgaenge
System.Net.Http.HttpRequestException: Response status code does not indicate success: 404 (Not Found).
   at System.Net.Http.HttpResponseMessage.EnsureSuccessStatusCode()
   at CloudDrive.Core.WebDav.WebDavService.LockAsync(String remotePath, WebDavLockRequest request, CancellationToken ct)
   at CloudDrive.Core.SyncEngine.WebDavLockCoordinator.AcquireWriteLockAsync(String localPath, String remotePath, CancellationToken ct)
   at CloudDrive.Core.SyncEngine.Propagator.DeleteRemoteAsync(ReconcileAction action, CancellationToken ct)
   at CloudDrive.Core.SyncEngine.Propagator.ApplyAsync(ReconcileAction action, CancellationToken ct)
   at CloudDrive.Core.SyncEngine.RetryPolicy.<>c__DisplayClass4_0.<<ExecuteAsync>b__0>d.MoveNext()
--- End of stack trace from previous location ---
   at CloudDrive.Core.SyncEngine.RetryPolicy.ExecuteAsync[T](Func`1 action, String operationName, CancellationToken ct)
   at CloudDrive.Core.SyncEngine.RetryPolicy.ExecuteAsync(Func`1 action, String operationName, CancellationToken ct)
   at CloudDrive.Core.SyncEngine.SyncCoordinator.ProcessPropagatorQueueAsync(CancellationToken ct)
2026-04-28 09:08:34.524 +02:00 [DBG] UI[Tray] State updated to "Error"
2026-04-28 09:08:34.525 +02:00 [DBG] WEBDAV_REQUEST LOCK https://raw.wincasa-010.slbox.io:9443/instance_399/Win-CASA/Nachweise/Drucken_POSTAUSGANG Timeout=600s
2026-04-28 09:08:34.528 +02:00 [DBG] WEBDAV_RESPONSE LOCK https://raw.wincasa-010.slbox.io:9443/instance_399/Win-CASA/Nachweise/Drucken_POSTAUSGANG 404 3ms
2026-04-28 09:08:34.529 +02:00 [ERR] Propagator job failed: a91951481a182760640c02119b84c8f6e3877d233480c6d2d752a9bd586fc6f9 "DeleteRemote" C:\Users\jfischerk\CloudDrive\Win-CASA\Nachweise\Drucken_POSTAUSGANG
System.Net.Http.HttpRequestException: Response status code does not indicate success: 404 (Not Found).
   at System.Net.Http.HttpResponseMessage.EnsureSuccessStatusCode()
   at CloudDrive.Core.WebDav.WebDavService.LockAsync(String remotePath, WebDavLockRequest request, CancellationToken ct)
   at CloudDrive.Core.SyncEngine.WebDavLockCoordinator.AcquireWriteLockAsync(String localPath, String remotePath, CancellationToken ct)
   at CloudDrive.Core.SyncEngine.Propagator.DeleteRemoteAsync(ReconcileAction action, CancellationToken ct)
   at CloudDrive.Core.SyncEngine.Propagator.ApplyAsync(ReconcileAction action, CancellationToken ct)
   at CloudDrive.Core.SyncEngine.RetryPolicy.<>c__DisplayClass4_0.<<ExecuteAsync>b__0>d.MoveNext()
--- End of stack trace from previous location ---
   at CloudDrive.Core.SyncEngine.RetryPolicy.ExecuteAsync[T](Func`1 action, String operationName, CancellationToken ct)
   at CloudDrive.Core.SyncEngine.RetryPolicy.ExecuteAsync(Func`1 action, String operationName, CancellationToken ct)
   at CloudDrive.Core.SyncEngine.SyncCoordinator.ProcessPropagatorQueueAsync(CancellationToken ct)
2026-04-28 09:08:34.531 +02:00 [WRN] Connection lost after 3 consecutive failures
2026-04-28 09:08:34.534 +02:00 [WRN] Problem recorded: "Connection" Connection lost LocalPath=null RemotePath=https://raw.wincasa-010.slbox.io:9443/instance_399 DedupeKey=connection:https://raw.wincasa-010.slbox.io:9443/instance_399
2026-04-28 09:08:34.534 +02:00 [INF] Explorer visual state: "Connected" -> "Disconnected"
2026-04-28 09:08:34.534 +02:00 [DBG] CfUpdateSyncProviderStatus set to "CF_PROVIDER_STATUS_CONNECTIVITY_LOST"
2026-04-28 09:08:34.535 +02:00 [INF] Explorer item update notified for C:\Users\jfischerk\CloudDrive
2026-04-28 09:08:34.535 +02:00 [INF] Explorer directory update notified for C:\Users\jfischerk\CloudDrive
2026-04-28 09:08:34.536 +02:00 [INF] Explorer refresh requested for C:\Users\jfischerk\CloudDrive
2026-04-28 09:08:34.554 +02:00 [INF] Explorer refresh completed for C:\Users\jfischerk\CloudDrive (windowsRefreshed=0)
2026-04-28 09:08:34.554 +02:00 [DBG] ReRegisterWithIconAsync debounced — skipping
2026-04-28 09:08:34.556 +02:00 [INF] Mount phase: "Ready" → "ConnectionLost"
2026-04-28 09:08:34.556 +02:00 [INF] Reconnection attempt 1 — waiting 5s (disconnected 0m 0s)
2026-04-28 09:08:34.557 +02:00 [DBG] WEBDAV_REQUEST LOCK https://raw.wincasa-010.slbox.io:9443/instance_399/Win-CASA/Nachweise/E-MAIL_POSTAUSGANG Timeout=600s
2026-04-28 09:08:34.560 +02:00 [DBG] WEBDAV_RESPONSE LOCK https://raw.wincasa-010.slbox.io:9443/instance_399/Win-CASA/Nachweise/E-MAIL_POSTAUSGANG 404 3ms
2026-04-28 09:08:34.560 +02:00 [ERR] Propagator job failed: 31ebfdaf17c069066fa4b3acbb7b7ab8531b4539ba7c740619a60786ebfeca72 "DeleteRemote" C:\Users\jfischerk\CloudDrive\Win-CASA\Nachweise\E-MAIL_POSTAUSGANG
System.Net.Http.HttpRequestException: Response status code does not indicate success: 404 (Not Found).
   at System.Net.Http.HttpResponseMessage.EnsureSuccessStatusCode()
   at CloudDrive.Core.WebDav.WebDavService.LockAsync(String remotePath, WebDavLockRequest request, CancellationToken ct)
   at CloudDrive.Core.SyncEngine.WebDavLockCoordinator.AcquireWriteLockAsync(String localPath, String remotePath, CancellationToken ct)
   at CloudDrive.Core.SyncEngine.Propagator.DeleteRemoteAsync(ReconcileAction action, CancellationToken ct)
   at CloudDrive.Core.SyncEngine.Propagator.ApplyAsync(ReconcileAction action, CancellationToken ct)
   at CloudDrive.Core.SyncEngine.RetryPolicy.<>c__DisplayClass4_0.<<ExecuteAsync>b__0>d.MoveNext()
--- End of stack trace from previous location ---
   at CloudDrive.Core.SyncEngine.RetryPolicy.ExecuteAsync[T](Func`1 action, String operationName, CancellationToken ct)
   at CloudDrive.Core.SyncEngine.RetryPolicy.ExecuteAsync(Func`1 action, String operationName, CancellationToken ct)
   at CloudDrive.Core.SyncEngine.SyncCoordinator.ProcessPropagatorQueueAsync(CancellationToken ct)
2026-04-28 09:08:39.574 +02:00 [INF] Connection restored — resuming sync
2026-04-28 09:08:39.574 +02:00 [INF] Explorer visual state: "Disconnected" -> "Connected"
2026-04-28 09:08:39.574 +02:00 [DBG] CfUpdateSyncProviderStatus set to "CF_PROVIDER_STATUS_IDLE"
2026-04-28 09:08:39.574 +02:00 [INF] Explorer item update notified for C:\Users\jfischerk\CloudDrive
2026-04-28 09:08:39.576 +02:00 [INF] Explorer directory update notified for C:\Users\jfischerk\CloudDrive
2026-04-28 09:08:39.576 +02:00 [INF] Explorer refresh requested for C:\Users\jfischerk\CloudDrive
2026-04-28 09:08:39.594 +02:00 [INF] Explorer refresh completed for C:\Users\jfischerk\CloudDrive (windowsRefreshed=0)
2026-04-28 09:08:39.686 +02:00 [INF] Mount phase: "ConnectionLost" → "Ready"
2026-04-28 09:08:39.724 +02:00 [INF] Re-registered sync root with icon: %SystemRoot%\system32\imageres.dll,-1043
2026-04-28 09:08:40.591 +02:00 [DBG] WEBDAV_REQUEST LOCK https://raw.wincasa-010.slbox.io:9443/instance_399/Win-CASA/Nachweise/Dokumente_Aufgaben Timeout=600s
2026-04-28 09:08:40.596 +02:00 [DBG] WEBDAV_RESPONSE LOCK https://raw.wincasa-010.slbox.io:9443/instance_399/Win-CASA/Nachweise/Dokumente_Aufgaben 404 4ms
2026-04-28 09:08:40.596 +02:00 [ERR] Propagator job failed: 9f84390cd7a51d2dd88aeb46f1fb5fd56442eb5b3ddf35d66f589e07bec5795d "DeleteRemote" C:\Users\jfischerk\CloudDrive\Win-CASA\Nachweise\Dokumente_Aufgaben
System.Net.Http.HttpRequestException: Response status code does not indicate success: 404 (Not Found).
   at System.Net.Http.HttpResponseMessage.EnsureSuccessStatusCode()
   at CloudDrive.Core.WebDav.WebDavService.LockAsync(String remotePath, WebDavLockRequest request, CancellationToken ct)
   at CloudDrive.Core.SyncEngine.WebDavLockCoordinator.AcquireWriteLockAsync(String localPath, String remotePath, CancellationToken ct)
   at CloudDrive.Core.SyncEngine.Propagator.DeleteRemoteAsync(ReconcileAction action, CancellationToken ct)
   at CloudDrive.Core.SyncEngine.Propagator.ApplyAsync(ReconcileAction action, CancellationToken ct)
   at CloudDrive.Core.SyncEngine.RetryPolicy.<>c__DisplayClass4_0.<<ExecuteAsync>b__0>d.MoveNext()
--- End of stack trace from previous location ---
   at CloudDrive.Core.SyncEngine.RetryPolicy.ExecuteAsync[T](Func`1 action, String operationName, CancellationToken ct)
   at CloudDrive.Core.SyncEngine.RetryPolicy.ExecuteAsync(Func`1 action, String operationName, CancellationToken ct)
   at CloudDrive.Core.SyncEngine.SyncCoordinator.ProcessPropagatorQueueAsync(CancellationToken ct)
2026-04-28 09:08:40.599 +02:00 [DBG] UI[Tray] State updated to "Error"
2026-04-28 09:08:40.600 +02:00 [DBG] WEBDAV_REQUEST LOCK https://raw.wincasa-010.slbox.io:9443/instance_399/Win-CASA/Nachweise/Dokumente_Vorgaenge Timeout=600s
2026-04-28 09:08:40.603 +02:00 [DBG] WEBDAV_RESPONSE LOCK https://raw.wincasa-010.slbox.io:9443/instance_399/Win-CASA/Nachweise/Dokumente_Vorgaenge 404 2ms
2026-04-28 09:08:40.603 +02:00 [ERR] Propagator job failed: fa5884ba9760c0fac9d8ca2181b0f4e6ba1aa8f15e08b6121ca2baa0f7e09048 "DeleteRemote" C:\Users\jfischerk\CloudDrive\Win-CASA\Nachweise\Dokumente_Vorgaenge
System.Net.Http.HttpRequestException: Response status code does not indicate success: 404 (Not Found).
   at System.Net.Http.HttpResponseMessage.EnsureSuccessStatusCode()
   at CloudDrive.Core.WebDav.WebDavService.LockAsync(String remotePath, WebDavLockRequest request, CancellationToken ct)
   at CloudDrive.Core.SyncEngine.WebDavLockCoordinator.AcquireWriteLockAsync(String localPath, String remotePath, CancellationToken ct)
   at CloudDrive.Core.SyncEngine.Propagator.DeleteRemoteAsync(ReconcileAction action, CancellationToken ct)
   at CloudDrive.Core.SyncEngine.Propagator.ApplyAsync(ReconcileAction action, CancellationToken ct)
   at CloudDrive.Core.SyncEngine.RetryPolicy.<>c__DisplayClass4_0.<<ExecuteAsync>b__0>d.MoveNext()
--- End of stack trace from previous location ---
   at CloudDrive.Core.SyncEngine.RetryPolicy.ExecuteAsync[T](Func`1 action, String operationName, CancellationToken ct)
   at CloudDrive.Core.SyncEngine.RetryPolicy.ExecuteAsync(Func`1 action, String operationName, CancellationToken ct)
   at CloudDrive.Core.SyncEngine.SyncCoordinator.ProcessPropagatorQueueAsync(CancellationToken ct)
2026-04-28 09:08:40.607 +02:00 [DBG] UI[Tray] State updated to "Error"
2026-04-28 09:08:40.607 +02:00 [DBG] WEBDAV_REQUEST LOCK https://raw.wincasa-010.slbox.io:9443/instance_399/Win-CASA/Nachweise/Drucken_POSTAUSGANG Timeout=600s
2026-04-28 09:08:40.610 +02:00 [DBG] WEBDAV_RESPONSE LOCK https://raw.wincasa-010.slbox.io:9443/instance_399/Win-CASA/Nachweise/Drucken_POSTAUSGANG 404 2ms
2026-04-28 09:08:40.610 +02:00 [ERR] Propagator job failed: a91951481a182760640c02119b84c8f6e3877d233480c6d2d752a9bd586fc6f9 "DeleteRemote" C:\Users\jfischerk\CloudDrive\Win-CASA\Nachweise\Drucken_POSTAUSGANG
System.Net.Http.HttpRequestException: Response status code does not indicate success: 404 (Not Found).
   at System.Net.Http.HttpResponseMessage.EnsureSuccessStatusCode()
   at CloudDrive.Core.WebDav.WebDavService.LockAsync(String remotePath, WebDavLockRequest request, CancellationToken ct)
   at CloudDrive.Core.SyncEngine.WebDavLockCoordinator.AcquireWriteLockAsync(String localPath, String remotePath, CancellationToken ct)
   at CloudDrive.Core.SyncEngine.Propagator.DeleteRemoteAsync(ReconcileAction action, CancellationToken ct)
   at CloudDrive.Core.SyncEngine.Propagator.ApplyAsync(ReconcileAction action, CancellationToken ct)
   at CloudDrive.Core.SyncEngine.RetryPolicy.<>c__DisplayClass4_0.<<ExecuteAsync>b__0>d.MoveNext()
--- End of stack trace from previous location ---
   at CloudDrive.Core.SyncEngine.RetryPolicy.ExecuteAsync[T](Func`1 action, String operationName, CancellationToken ct)
   at CloudDrive.Core.SyncEngine.RetryPolicy.ExecuteAsync(Func`1 action, String operationName, CancellationToken ct)
   at CloudDrive.Core.SyncEngine.SyncCoordinator.ProcessPropagatorQueueAsync(CancellationToken ct)
2026-04-28 09:08:40.613 +02:00 [WRN] Connection lost after 3 consecutive failures
2026-04-28 09:08:40.617 +02:00 [WRN] Problem recorded: "Connection" Connection lost LocalPath=null RemotePath=https://raw.wincasa-010.slbox.io:9443/instance_399 DedupeKey=connection:https://raw.wincasa-010.slbox.io:9443/instance_399
2026-04-28 09:08:40.617 +02:00 [INF] Explorer visual state: "Connected" -> "Disconnected"
2026-04-28 09:08:40.617 +02:00 [DBG] CfUpdateSyncProviderStatus set to "CF_PROVIDER_STATUS_CONNECTIVITY_LOST"
2026-04-28 09:08:40.617 +02:00 [INF] Explorer item update notified for C:\Users\jfischerk\CloudDrive
2026-04-28 09:08:40.618 +02:00 [INF] Explorer directory update notified for C:\Users\jfischerk\CloudDrive
2026-04-28 09:08:40.619 +02:00 [INF] Explorer refresh requested for C:\Users\jfischerk\CloudDrive
2026-04-28 09:08:40.638 +02:00 [INF] Explorer refresh completed for C:\Users\jfischerk\CloudDrive (windowsRefreshed=0)
2026-04-28 09:08:40.638 +02:00 [DBG] ReRegisterWithIconAsync debounced — skipping
2026-04-28 09:08:40.641 +02:00 [INF] Mount phase: "Ready" → "ConnectionLost"
2026-04-28 09:08:40.642 +02:00 [INF] Reconnection attempt 1 — waiting 5s (disconnected 0m 0s)
2026-04-28 09:08:40.642 +02:00 [DBG] WEBDAV_REQUEST LOCK https://raw.wincasa-010.slbox.io:9443/instance_399/Win-CASA/Nachweise/E-MAIL_POSTAUSGANG Timeout=600s
2026-04-28 09:08:40.645 +02:00 [DBG] WEBDAV_RESPONSE LOCK https://raw.wincasa-010.slbox.io:9443/instance_399/Win-CASA/Nachweise/E-MAIL_POSTAUSGANG 404 3ms
2026-04-28 09:08:40.645 +02:00 [ERR] Propagator job failed: 31ebfdaf17c069066fa4b3acbb7b7ab8531b4539ba7c740619a60786ebfeca72 "DeleteRemote" C:\Users\jfischerk\CloudDrive\Win-CASA\Nachweise\E-MAIL_POSTAUSGANG
System.Net.Http.HttpRequestException: Response status code does not indicate success: 404 (Not Found).
   at System.Net.Http.HttpResponseMessage.EnsureSuccessStatusCode()
   at CloudDrive.Core.WebDav.WebDavService.LockAsync(String remotePath, WebDavLockRequest request, CancellationToken ct)
   at CloudDrive.Core.SyncEngine.WebDavLockCoordinator.AcquireWriteLockAsync(String localPath, String remotePath, CancellationToken ct)
   at CloudDrive.Core.SyncEngine.Propagator.DeleteRemoteAsync(ReconcileAction action, CancellationToken ct)
   at CloudDrive.Core.SyncEngine.Propagator.ApplyAsync(ReconcileAction action, CancellationToken ct)
   at CloudDrive.Core.SyncEngine.RetryPolicy.<>c__DisplayClass4_0.<<ExecuteAsync>b__0>d.MoveNext()
--- End of stack trace from previous location ---
   at CloudDrive.Core.SyncEngine.RetryPolicy.ExecuteAsync[T](Func`1 action, String operationName, CancellationToken ct)
   at CloudDrive.Core.SyncEngine.RetryPolicy.ExecuteAsync(Func`1 action, String operationName, CancellationToken ct)
   at CloudDrive.Core.SyncEngine.SyncCoordinator.ProcessPropagatorQueueAsync(CancellationToken ct)
2026-04-28 09:08:45.652 +02:00 [INF] Connection restored — resuming sync
2026-04-28 09:08:45.652 +02:00 [INF] Explorer visual state: "Disconnected" -> "Connected"
2026-04-28 09:08:45.652 +02:00 [DBG] CfUpdateSyncProviderStatus set to "CF_PROVIDER_STATUS_IDLE"
2026-04-28 09:08:45.653 +02:00 [INF] Explorer item update notified for C:\Users\jfischerk\CloudDrive
2026-04-28 09:08:45.654 +02:00 [INF] Explorer directory update notified for C:\Users\jfischerk\CloudDrive
2026-04-28 09:08:45.654 +02:00 [INF] Explorer refresh requested for C:\Users\jfischerk\CloudDrive
2026-04-28 09:08:45.670 +02:00 [INF] Explorer refresh completed for C:\Users\jfischerk\CloudDrive (windowsRefreshed=0)
2026-04-28 09:08:45.756 +02:00 [INF] Mount phase: "ConnectionLost" → "Ready"
2026-04-28 09:08:45.791 +02:00 [INF] Re-registered sync root with icon: %SystemRoot%\system32\imageres.dll,-1043
2026-04-28 09:08:46.684 +02:00 [DBG] WEBDAV_REQUEST LOCK https://raw.wincasa-010.slbox.io:9443/instance_399/Win-CASA/Nachweise/Dokumente_Aufgaben Timeout=600s
2026-04-28 09:08:46.688 +02:00 [DBG] WEBDAV_RESPONSE LOCK https://raw.wincasa-010.slbox.io:9443/instance_399/Win-CASA/Nachweise/Dokumente_Aufgaben 404 4ms
2026-04-28 09:08:46.688 +02:00 [ERR] Propagator job failed: 9f84390cd7a51d2dd88aeb46f1fb5fd56442eb5b3ddf35d66f589e07bec5795d "DeleteRemote" C:\Users\jfischerk\CloudDrive\Win-CASA\Nachweise\Dokumente_Aufgaben
System.Net.Http.HttpRequestException: Response status code does not indicate success: 404 (Not Found).
   at System.Net.Http.HttpResponseMessage.EnsureSuccessStatusCode()
   at CloudDrive.Core.WebDav.WebDavService.LockAsync(String remotePath, WebDavLockRequest request, CancellationToken ct)
   at CloudDrive.Core.SyncEngine.WebDavLockCoordinator.AcquireWriteLockAsync(String localPath, String remotePath, CancellationToken ct)
   at CloudDrive.Core.SyncEngine.Propagator.DeleteRemoteAsync(ReconcileAction action, CancellationToken ct)
   at CloudDrive.Core.SyncEngine.Propagator.ApplyAsync(ReconcileAction action, CancellationToken ct)
   at CloudDrive.Core.SyncEngine.RetryPolicy.<>c__DisplayClass4_0.<<ExecuteAsync>b__0>d.MoveNext()
--- End of stack trace from previous location ---
   at CloudDrive.Core.SyncEngine.RetryPolicy.ExecuteAsync[T](Func`1 action, String operationName, CancellationToken ct)
   at CloudDrive.Core.SyncEngine.RetryPolicy.ExecuteAsync(Func`1 action, String operationName, CancellationToken ct)
   at CloudDrive.Core.SyncEngine.SyncCoordinator.ProcessPropagatorQueueAsync(CancellationToken ct)
2026-04-28 09:08:46.692 +02:00 [DBG] UI[Tray] State updated to "Error"
2026-04-28 09:08:46.692 +02:00 [DBG] WEBDAV_REQUEST LOCK https://raw.wincasa-010.slbox.io:9443/instance_399/Win-CASA/Nachweise/Dokumente_Vorgaenge Timeout=600s
2026-04-28 09:08:46.696 +02:00 [DBG] WEBDAV_RESPONSE LOCK https://raw.wincasa-010.slbox.io:9443/instance_399/Win-CASA/Nachweise/Dokumente_Vorgaenge 404 3ms
2026-04-28 09:08:46.696 +02:00 [ERR] Propagator job failed: fa5884ba9760c0fac9d8ca2181b0f4e6ba1aa8f15e08b6121ca2baa0f7e09048 "DeleteRemote" C:\Users\jfischerk\CloudDrive\Win-CASA\Nachweise\Dokumente_Vorgaenge
System.Net.Http.HttpRequestException: Response status code does not indicate success: 404 (Not Found).
   at System.Net.Http.HttpResponseMessage.EnsureSuccessStatusCode()
   at CloudDrive.Core.WebDav.WebDavService.LockAsync(String remotePath, WebDavLockRequest request, CancellationToken ct)
   at CloudDrive.Core.SyncEngine.WebDavLockCoordinator.AcquireWriteLockAsync(String localPath, String remotePath, CancellationToken ct)
   at CloudDrive.Core.SyncEngine.Propagator.DeleteRemoteAsync(ReconcileAction action, CancellationToken ct)
   at CloudDrive.Core.SyncEngine.Propagator.ApplyAsync(ReconcileAction action, CancellationToken ct)
   at CloudDrive.Core.SyncEngine.RetryPolicy.<>c__DisplayClass4_0.<<ExecuteAsync>b__0>d.MoveNext()
--- End of stack trace from previous location ---
   at CloudDrive.Core.SyncEngine.RetryPolicy.ExecuteAsync[T](Func`1 action, String operationName, CancellationToken ct)
   at CloudDrive.Core.SyncEngine.RetryPolicy.ExecuteAsync(Func`1 action, String operationName, CancellationToken ct)
   at CloudDrive.Core.SyncEngine.SyncCoordinator.ProcessPropagatorQueueAsync(CancellationToken ct)
2026-04-28 09:08:46.700 +02:00 [DBG] UI[Tray] State updated to "Error"
2026-04-28 09:08:46.701 +02:00 [DBG] WEBDAV_REQUEST LOCK https://raw.wincasa-010.slbox.io:9443/instance_399/Win-CASA/Nachweise/Drucken_POSTAUSGANG Timeout=600s
2026-04-28 09:08:46.704 +02:00 [DBG] WEBDAV_RESPONSE LOCK https://raw.wincasa-010.slbox.io:9443/instance_399/Win-CASA/Nachweise/Drucken_POSTAUSGANG 404 3ms
2026-04-28 09:08:46.705 +02:00 [ERR] Propagator job failed: a91951481a182760640c02119b84c8f6e3877d233480c6d2d752a9bd586fc6f9 "DeleteRemote" C:\Users\jfischerk\CloudDrive\Win-CASA\Nachweise\Drucken_POSTAUSGANG
System.Net.Http.HttpRequestException: Response status code does not indicate success: 404 (Not Found).
   at System.Net.Http.HttpResponseMessage.EnsureSuccessStatusCode()
   at CloudDrive.Core.WebDav.WebDavService.LockAsync(String remotePath, WebDavLockRequest request, CancellationToken ct)
   at CloudDrive.Core.SyncEngine.WebDavLockCoordinator.AcquireWriteLockAsync(String localPath, String remotePath, CancellationToken ct)
   at CloudDrive.Core.SyncEngine.Propagator.DeleteRemoteAsync(ReconcileAction action, CancellationToken ct)
   at CloudDrive.Core.SyncEngine.Propagator.ApplyAsync(ReconcileAction action, CancellationToken ct)
   at CloudDrive.Core.SyncEngine.RetryPolicy.<>c__DisplayClass4_0.<<ExecuteAsync>b__0>d.MoveNext()
--- End of stack trace from previous location ---
   at CloudDrive.Core.SyncEngine.RetryPolicy.ExecuteAsync[T](Func`1 action, String operationName, CancellationToken ct)
   at CloudDrive.Core.SyncEngine.RetryPolicy.ExecuteAsync(Func`1 action, String operationName, CancellationToken ct)
   at CloudDrive.Core.SyncEngine.SyncCoordinator.ProcessPropagatorQueueAsync(CancellationToken ct)
2026-04-28 09:08:46.707 +02:00 [WRN] Connection lost after 3 consecutive failures
2026-04-28 09:08:46.710 +02:00 [WRN] Problem recorded: "Connection" Connection lost LocalPath=null RemotePath=https://raw.wincasa-010.slbox.io:9443/instance_399 DedupeKey=connection:https://raw.wincasa-010.slbox.io:9443/instance_399
2026-04-28 09:08:46.710 +02:00 [INF] Explorer visual state: "Connected" -> "Disconnected"
2026-04-28 09:08:46.710 +02:00 [DBG] CfUpdateSyncProviderStatus set to "CF_PROVIDER_STATUS_CONNECTIVITY_LOST"
2026-04-28 09:08:46.711 +02:00 [INF] Explorer item update notified for C:\Users\jfischerk\CloudDrive
2026-04-28 09:08:46.711 +02:00 [INF] Explorer directory update notified for C:\Users\jfischerk\CloudDrive
2026-04-28 09:08:46.712 +02:00 [INF] Explorer refresh requested for C:\Users\jfischerk\CloudDrive
2026-04-28 09:08:46.730 +02:00 [INF] Explorer refresh completed for C:\Users\jfischerk\CloudDrive (windowsRefreshed=0)
2026-04-28 09:08:46.730 +02:00 [DBG] ReRegisterWithIconAsync debounced — skipping
2026-04-28 09:08:46.733 +02:00 [INF] Mount phase: "Ready" → "ConnectionLost"
2026-04-28 09:08:46.733 +02:00 [INF] Reconnection attempt 1 — waiting 5s (disconnected 0m 0s)
2026-04-28 09:08:46.733 +02:00 [DBG] WEBDAV_REQUEST LOCK https://raw.wincasa-010.slbox.io:9443/instance_399/Win-CASA/Nachweise/E-MAIL_POSTAUSGANG Timeout=600s
2026-04-28 09:08:46.737 +02:00 [DBG] WEBDAV_RESPONSE LOCK https://raw.wincasa-010.slbox.io:9443/instance_399/Win-CASA/Nachweise/E-MAIL_POSTAUSGANG 404 3ms
2026-04-28 09:08:46.737 +02:00 [ERR] Propagator job failed: 31ebfdaf17c069066fa4b3acbb7b7ab8531b4539ba7c740619a60786ebfeca72 "DeleteRemote" C:\Users\jfischerk\CloudDrive\Win-CASA\Nachweise\E-MAIL_POSTAUSGANG
System.Net.Http.HttpRequestException: Response status code does not indicate success: 404 (Not Found).
   at System.Net.Http.HttpResponseMessage.EnsureSuccessStatusCode()
   at CloudDrive.Core.WebDav.WebDavService.LockAsync(String remotePath, WebDavLockRequest request, CancellationToken ct)
   at CloudDrive.Core.SyncEngine.WebDavLockCoordinator.AcquireWriteLockAsync(String localPath, String remotePath, CancellationToken ct)
   at CloudDrive.Core.SyncEngine.Propagator.DeleteRemoteAsync(ReconcileAction action, CancellationToken ct)
   at CloudDrive.Core.SyncEngine.Propagator.ApplyAsync(ReconcileAction action, CancellationToken ct)
   at CloudDrive.Core.SyncEngine.RetryPolicy.<>c__DisplayClass4_0.<<ExecuteAsync>b__0>d.MoveNext()
--- End of stack trace from previous location ---
   at CloudDrive.Core.SyncEngine.RetryPolicy.ExecuteAsync[T](Func`1 action, String operationName, CancellationToken ct)
   at CloudDrive.Core.SyncEngine.RetryPolicy.ExecuteAsync(Func`1 action, String operationName, CancellationToken ct)
   at CloudDrive.Core.SyncEngine.SyncCoordinator.ProcessPropagatorQueueAsync(CancellationToken ct)
2026-04-28 09:08:51.744 +02:00 [INF] Connection restored — resuming sync
2026-04-28 09:08:51.744 +02:00 [INF] Explorer visual state: "Disconnected" -> "Connected"
2026-04-28 09:08:51.744 +02:00 [DBG] CfUpdateSyncProviderStatus set to "CF_PROVIDER_STATUS_IDLE"
2026-04-28 09:08:51.745 +02:00 [INF] Explorer item update notified for C:\Users\jfischerk\CloudDrive
2026-04-28 09:08:51.747 +02:00 [INF] Explorer directory update notified for C:\Users\jfischerk\CloudDrive
2026-04-28 09:08:51.748 +02:00 [INF] Explorer refresh requested for C:\Users\jfischerk\CloudDrive
2026-04-28 09:08:51.764 +02:00 [INF] Explorer refresh completed for C:\Users\jfischerk\CloudDrive (windowsRefreshed=0)
2026-04-28 09:08:51.845 +02:00 [INF] Mount phase: "ConnectionLost" → "Ready"
2026-04-28 09:08:51.881 +02:00 [INF] Re-registered sync root with icon: %SystemRoot%\system32\imageres.dll,-1043
2026-04-28 09:08:52.406 +02:00 [DBG] FETCH_PLACEHOLDERS callback: \Users\jfischerk\CloudDrive
2026-04-28 09:08:52.407 +02:00 [INF] PlaceholderManager[Fetch] ActivityId=ac57ab3e NormalizedPath=\Users\jfischerk\CloudDrive
2026-04-28 09:08:52.407 +02:00 [DBG] PlaceholderManager[Fetch] ActivityId=ac57ab3e RemotePath=/
2026-04-28 09:08:52.407 +02:00 [INF] WebDav[ListDirectory] ActivityId=3ffc7d25 RemotePath=/ Url=https://raw.wincasa-010.slbox.io:9443/instance_399
2026-04-28 09:08:52.420 +02:00 [INF] WebDav[ListDirectory] ActivityId=3ffc7d25 Response=207 DurationMs=13
2026-04-28 09:08:52.421 +02:00 [INF] WebDav[ListDirectory] ActivityId=3ffc7d25 ItemsReturned=3
2026-04-28 09:08:52.422 +02:00 [INF] PlaceholderManager[Fetch] ActivityId=ac57ab3e ItemsFetched=1
2026-04-28 09:08:52.425 +02:00 [DBG] DB_UPSERT C:\Users\jfischerk\CloudDrive\sk-TEST.docx Synced -> "CloudOnly"
2026-04-28 09:08:52.435 +02:00 [INF] PlaceholderManager[Fetch] ActivityId=ac57ab3e TRANSFER_PLACEHOLDERS complete: 1 items for \Users\jfischerk\CloudDrive
2026-04-28 09:08:52.759 +02:00 [DBG] WEBDAV_REQUEST LOCK https://raw.wincasa-010.slbox.io:9443/instance_399/Win-CASA/Nachweise/Dokumente_Aufgaben Timeout=600s
2026-04-28 09:08:52.764 +02:00 [DBG] WEBDAV_RESPONSE LOCK https://raw.wincasa-010.slbox.io:9443/instance_399/Win-CASA/Nachweise/Dokumente_Aufgaben 404 4ms
2026-04-28 09:08:52.765 +02:00 [ERR] Propagator job failed: 9f84390cd7a51d2dd88aeb46f1fb5fd56442eb5b3ddf35d66f589e07bec5795d "DeleteRemote" C:\Users\jfischerk\CloudDrive\Win-CASA\Nachweise\Dokumente_Aufgaben
System.Net.Http.HttpRequestException: Response status code does not indicate success: 404 (Not Found).
   at System.Net.Http.HttpResponseMessage.EnsureSuccessStatusCode()
   at CloudDrive.Core.WebDav.WebDavService.LockAsync(String remotePath, WebDavLockRequest request, CancellationToken ct)
   at CloudDrive.Core.SyncEngine.WebDavLockCoordinator.AcquireWriteLockAsync(String localPath, String remotePath, CancellationToken ct)
   at CloudDrive.Core.SyncEngine.Propagator.DeleteRemoteAsync(ReconcileAction action, CancellationToken ct)
   at CloudDrive.Core.SyncEngine.Propagator.ApplyAsync(ReconcileAction action, CancellationToken ct)
   at CloudDrive.Core.SyncEngine.RetryPolicy.<>c__DisplayClass4_0.<<ExecuteAsync>b__0>d.MoveNext()
--- End of stack trace from previous location ---
   at CloudDrive.Core.SyncEngine.RetryPolicy.ExecuteAsync[T](Func`1 action, String operationName, CancellationToken ct)
   at CloudDrive.Core.SyncEngine.RetryPolicy.ExecuteAsync(Func`1 action, String operationName, CancellationToken ct)
   at CloudDrive.Core.SyncEngine.SyncCoordinator.ProcessPropagatorQueueAsync(CancellationToken ct)
2026-04-28 09:08:52.768 +02:00 [DBG] UI[Tray] State updated to "Error"
2026-04-28 09:08:52.769 +02:00 [DBG] WEBDAV_REQUEST LOCK https://raw.wincasa-010.slbox.io:9443/instance_399/Win-CASA/Nachweise/Dokumente_Vorgaenge Timeout=600s
2026-04-28 09:08:52.773 +02:00 [DBG] WEBDAV_RESPONSE LOCK https://raw.wincasa-010.slbox.io:9443/instance_399/Win-CASA/Nachweise/Dokumente_Vorgaenge 404 3ms
2026-04-28 09:08:52.773 +02:00 [ERR] Propagator job failed: fa5884ba9760c0fac9d8ca2181b0f4e6ba1aa8f15e08b6121ca2baa0f7e09048 "DeleteRemote" C:\Users\jfischerk\CloudDrive\Win-CASA\Nachweise\Dokumente_Vorgaenge
System.Net.Http.HttpRequestException: Response status code does not indicate success: 404 (Not Found).
   at System.Net.Http.HttpResponseMessage.EnsureSuccessStatusCode()
   at CloudDrive.Core.WebDav.WebDavService.LockAsync(String remotePath, WebDavLockRequest request, CancellationToken ct)
   at CloudDrive.Core.SyncEngine.WebDavLockCoordinator.AcquireWriteLockAsync(String localPath, String remotePath, CancellationToken ct)
   at CloudDrive.Core.SyncEngine.Propagator.DeleteRemoteAsync(ReconcileAction action, CancellationToken ct)
   at CloudDrive.Core.SyncEngine.Propagator.ApplyAsync(ReconcileAction action, CancellationToken ct)
   at CloudDrive.Core.SyncEngine.RetryPolicy.<>c__DisplayClass4_0.<<ExecuteAsync>b__0>d.MoveNext()
--- End of stack trace from previous location ---
   at CloudDrive.Core.SyncEngine.RetryPolicy.ExecuteAsync[T](Func`1 action, String operationName, CancellationToken ct)
   at CloudDrive.Core.SyncEngine.RetryPolicy.ExecuteAsync(Func`1 action, String operationName, CancellationToken ct)
   at CloudDrive.Core.SyncEngine.SyncCoordinator.ProcessPropagatorQueueAsync(CancellationToken ct)
2026-04-28 09:08:52.777 +02:00 [DBG] UI[Tray] State updated to "Error"
2026-04-28 09:08:52.778 +02:00 [DBG] WEBDAV_REQUEST LOCK https://raw.wincasa-010.slbox.io:9443/instance_399/Win-CASA/Nachweise/Drucken_POSTAUSGANG Timeout=600s
2026-04-28 09:08:52.781 +02:00 [DBG] WEBDAV_RESPONSE LOCK https://raw.wincasa-010.slbox.io:9443/instance_399/Win-CASA/Nachweise/Drucken_POSTAUSGANG 404 3ms
2026-04-28 09:08:52.782 +02:00 [ERR] Propagator job failed: a91951481a182760640c02119b84c8f6e3877d233480c6d2d752a9bd586fc6f9 "DeleteRemote" C:\Users\jfischerk\CloudDrive\Win-CASA\Nachweise\Drucken_POSTAUSGANG
System.Net.Http.HttpRequestException: Response status code does not indicate success: 404 (Not Found).
   at System.Net.Http.HttpResponseMessage.EnsureSuccessStatusCode()
   at CloudDrive.Core.WebDav.WebDavService.LockAsync(String remotePath, WebDavLockRequest request, CancellationToken ct)
   at CloudDrive.Core.SyncEngine.WebDavLockCoordinator.AcquireWriteLockAsync(String localPath, String remotePath, CancellationToken ct)
   at CloudDrive.Core.SyncEngine.Propagator.DeleteRemoteAsync(ReconcileAction action, CancellationToken ct)
   at CloudDrive.Core.SyncEngine.Propagator.ApplyAsync(ReconcileAction action, CancellationToken ct)
   at CloudDrive.Core.SyncEngine.RetryPolicy.<>c__DisplayClass4_0.<<ExecuteAsync>b__0>d.MoveNext()
--- End of stack trace from previous location ---
   at CloudDrive.Core.SyncEngine.RetryPolicy.ExecuteAsync[T](Func`1 action, String operationName, CancellationToken ct)
   at CloudDrive.Core.SyncEngine.RetryPolicy.ExecuteAsync(Func`1 action, String operationName, CancellationToken ct)
   at CloudDrive.Core.SyncEngine.SyncCoordinator.ProcessPropagatorQueueAsync(CancellationToken ct)
2026-04-28 09:08:52.785 +02:00 [WRN] Connection lost after 3 consecutive failures
2026-04-28 09:08:52.788 +02:00 [WRN] Problem recorded: "Connection" Connection lost LocalPath=null RemotePath=https://raw.wincasa-010.slbox.io:9443/instance_399 DedupeKey=connection:https://raw.wincasa-010.slbox.io:9443/instance_399
2026-04-28 09:08:52.788 +02:00 [INF] Explorer visual state: "Connected" -> "Disconnected"
2026-04-28 09:08:52.788 +02:00 [DBG] CfUpdateSyncProviderStatus set to "CF_PROVIDER_STATUS_CONNECTIVITY_LOST"
2026-04-28 09:08:52.789 +02:00 [INF] Explorer item update notified for C:\Users\jfischerk\CloudDrive
2026-04-28 09:08:52.789 +02:00 [INF] Explorer directory update notified for C:\Users\jfischerk\CloudDrive
2026-04-28 09:08:52.791 +02:00 [INF] Explorer refresh requested for C:\Users\jfischerk\CloudDrive
2026-04-28 09:08:52.809 +02:00 [INF] Explorer refresh completed for C:\Users\jfischerk\CloudDrive (windowsRefreshed=0)
2026-04-28 09:08:52.809 +02:00 [DBG] ReRegisterWithIconAsync debounced — skipping
2026-04-28 09:08:52.811 +02:00 [INF] Mount phase: "Ready" → "ConnectionLost"
2026-04-28 09:08:52.812 +02:00 [DBG] WEBDAV_REQUEST LOCK https://raw.wincasa-010.slbox.io:9443/instance_399/Win-CASA/Nachweise/E-MAIL_POSTAUSGANG Timeout=600s
2026-04-28 09:08:52.812 +02:00 [INF] Reconnection attempt 1 — waiting 5s (disconnected 0m 0s)
2026-04-28 09:08:52.816 +02:00 [DBG] WEBDAV_RESPONSE LOCK https://raw.wincasa-010.slbox.io:9443/instance_399/Win-CASA/Nachweise/E-MAIL_POSTAUSGANG 404 3ms
2026-04-28 09:08:52.816 +02:00 [ERR] Propagator job failed: 31ebfdaf17c069066fa4b3acbb7b7ab8531b4539ba7c740619a60786ebfeca72 "DeleteRemote" C:\Users\jfischerk\CloudDrive\Win-CASA\Nachweise\E-MAIL_POSTAUSGANG
System.Net.Http.HttpRequestException: Response status code does not indicate success: 404 (Not Found).
   at System.Net.Http.HttpResponseMessage.EnsureSuccessStatusCode()
   at CloudDrive.Core.WebDav.WebDavService.LockAsync(String remotePath, WebDavLockRequest request, CancellationToken ct)
   at CloudDrive.Core.SyncEngine.WebDavLockCoordinator.AcquireWriteLockAsync(String localPath, String remotePath, CancellationToken ct)
   at CloudDrive.Core.SyncEngine.Propagator.DeleteRemoteAsync(ReconcileAction action, CancellationToken ct)
   at CloudDrive.Core.SyncEngine.Propagator.ApplyAsync(ReconcileAction action, CancellationToken ct)
   at CloudDrive.Core.SyncEngine.RetryPolicy.<>c__DisplayClass4_0.<<ExecuteAsync>b__0>d.MoveNext()
--- End of stack trace from previous location ---
   at CloudDrive.Core.SyncEngine.RetryPolicy.ExecuteAsync[T](Func`1 action, String operationName, CancellationToken ct)
   at CloudDrive.Core.SyncEngine.RetryPolicy.ExecuteAsync(Func`1 action, String operationName, CancellationToken ct)
   at CloudDrive.Core.SyncEngine.SyncCoordinator.ProcessPropagatorQueueAsync(CancellationToken ct)
2026-04-28 09:08:57.826 +02:00 [INF] Connection restored — resuming sync
2026-04-28 09:08:57.826 +02:00 [INF] Explorer visual state: "Disconnected" -> "Connected"
2026-04-28 09:08:57.826 +02:00 [DBG] CfUpdateSyncProviderStatus set to "CF_PROVIDER_STATUS_IDLE"
2026-04-28 09:08:57.827 +02:00 [INF] Explorer item update notified for C:\Users\jfischerk\CloudDrive
2026-04-28 09:08:57.828 +02:00 [INF] Explorer directory update notified for C:\Users\jfischerk\CloudDrive
2026-04-28 09:08:57.828 +02:00 [INF] Explorer refresh requested for C:\Users\jfischerk\CloudDrive
2026-04-28 09:08:57.845 +02:00 [INF] Explorer refresh completed for C:\Users\jfischerk\CloudDrive (windowsRefreshed=0)
2026-04-28 09:08:57.939 +02:00 [INF] Mount phase: "ConnectionLost" → "Ready"
2026-04-28 09:08:57.976 +02:00 [INF] Re-registered sync root with icon: %SystemRoot%\system32\imageres.dll,-1043
2026-04-28 09:08:57.980 +02:00 [DBG] DEHYDRATE skipped: placeholder is not an unpinned dehydration candidate for C:\Users\jfischerk\CloudDrive\sk-TEST.docx Trigger=startup/reconnect reconciliation PinState="CF_PIN_STATE_UNSPECIFIED" InSyncState="CF_IN_SYNC_STATE_IN_SYNC" OnDiskDataSize=0 ModifiedDataSize=0
2026-04-28 09:08:58.883 +02:00 [DBG] WEBDAV_REQUEST LOCK https://raw.wincasa-010.slbox.io:9443/instance_399/Win-CASA/Nachweise/Dokumente_Aufgaben Timeout=600s
2026-04-28 09:08:58.888 +02:00 [DBG] WEBDAV_RESPONSE LOCK https://raw.wincasa-010.slbox.io:9443/instance_399/Win-CASA/Nachweise/Dokumente_Aufgaben 404 5ms
2026-04-28 09:08:58.888 +02:00 [ERR] Propagator job failed: 9f84390cd7a51d2dd88aeb46f1fb5fd56442eb5b3ddf35d66f589e07bec5795d "DeleteRemote" C:\Users\jfischerk\CloudDrive\Win-CASA\Nachweise\Dokumente_Aufgaben
System.Net.Http.HttpRequestException: Response status code does not indicate success: 404 (Not Found).
   at System.Net.Http.HttpResponseMessage.EnsureSuccessStatusCode()
   at CloudDrive.Core.WebDav.WebDavService.LockAsync(String remotePath, WebDavLockRequest request, CancellationToken ct)
   at CloudDrive.Core.SyncEngine.WebDavLockCoordinator.AcquireWriteLockAsync(String localPath, String remotePath, CancellationToken ct)
   at CloudDrive.Core.SyncEngine.Propagator.DeleteRemoteAsync(ReconcileAction action, CancellationToken ct)
   at CloudDrive.Core.SyncEngine.Propagator.ApplyAsync(ReconcileAction action, CancellationToken ct)
   at CloudDrive.Core.SyncEngine.RetryPolicy.<>c__DisplayClass4_0.<<ExecuteAsync>b__0>d.MoveNext()
--- End of stack trace from previous location ---
   at CloudDrive.Core.SyncEngine.RetryPolicy.ExecuteAsync[T](Func`1 action, String operationName, CancellationToken ct)
   at CloudDrive.Core.SyncEngine.RetryPolicy.ExecuteAsync(Func`1 action, String operationName, CancellationToken ct)
   at CloudDrive.Core.SyncEngine.SyncCoordinator.ProcessPropagatorQueueAsync(CancellationToken ct)
2026-04-28 09:08:58.893 +02:00 [DBG] UI[Tray] State updated to "Error"
2026-04-28 09:08:58.894 +02:00 [DBG] WEBDAV_REQUEST LOCK https://raw.wincasa-010.slbox.io:9443/instance_399/Win-CASA/Nachweise/Dokumente_Vorgaenge Timeout=600s
2026-04-28 09:08:58.897 +02:00 [DBG] WEBDAV_RESPONSE LOCK https://raw.wincasa-010.slbox.io:9443/instance_399/Win-CASA/Nachweise/Dokumente_Vorgaenge 404 3ms
2026-04-28 09:08:58.897 +02:00 [ERR] Propagator job failed: fa5884ba9760c0fac9d8ca2181b0f4e6ba1aa8f15e08b6121ca2baa0f7e09048 "DeleteRemote" C:\Users\jfischerk\CloudDrive\Win-CASA\Nachweise\Dokumente_Vorgaenge
System.Net.Http.HttpRequestException: Response status code does not indicate success: 404 (Not Found).
   at System.Net.Http.HttpResponseMessage.EnsureSuccessStatusCode()
   at CloudDrive.Core.WebDav.WebDavService.LockAsync(String remotePath, WebDavLockRequest request, CancellationToken ct)
   at CloudDrive.Core.SyncEngine.WebDavLockCoordinator.AcquireWriteLockAsync(String localPath, String remotePath, CancellationToken ct)
   at CloudDrive.Core.SyncEngine.Propagator.DeleteRemoteAsync(ReconcileAction action, CancellationToken ct)
   at CloudDrive.Core.SyncEngine.Propagator.ApplyAsync(ReconcileAction action, CancellationToken ct)
   at CloudDrive.Core.SyncEngine.RetryPolicy.<>c__DisplayClass4_0.<<ExecuteAsync>b__0>d.MoveNext()
--- End of stack trace from previous location ---
   at CloudDrive.Core.SyncEngine.RetryPolicy.ExecuteAsync[T](Func`1 action, String operationName, CancellationToken ct)
   at CloudDrive.Core.SyncEngine.RetryPolicy.ExecuteAsync(Func`1 action, String operationName, CancellationToken ct)
   at CloudDrive.Core.SyncEngine.SyncCoordinator.ProcessPropagatorQueueAsync(CancellationToken ct)
2026-04-28 09:08:58.902 +02:00 [DBG] UI[Tray] State updated to "Error"
2026-04-28 09:08:58.902 +02:00 [DBG] WEBDAV_REQUEST LOCK https://raw.wincasa-010.slbox.io:9443/instance_399/Win-CASA/Nachweise/Drucken_POSTAUSGANG Timeout=600s
2026-04-28 09:08:58.906 +02:00 [DBG] WEBDAV_RESPONSE LOCK https://raw.wincasa-010.slbox.io:9443/instance_399/Win-CASA/Nachweise/Drucken_POSTAUSGANG 404 3ms
2026-04-28 09:08:58.906 +02:00 [ERR] Propagator job failed: a91951481a182760640c02119b84c8f6e3877d233480c6d2d752a9bd586fc6f9 "DeleteRemote" C:\Users\jfischerk\CloudDrive\Win-CASA\Nachweise\Drucken_POSTAUSGANG
System.Net.Http.HttpRequestException: Response status code does not indicate success: 404 (Not Found).
   at System.Net.Http.HttpResponseMessage.EnsureSuccessStatusCode()
   at CloudDrive.Core.WebDav.WebDavService.LockAsync(String remotePath, WebDavLockRequest request, CancellationToken ct)
   at CloudDrive.Core.SyncEngine.WebDavLockCoordinator.AcquireWriteLockAsync(String localPath, String remotePath, CancellationToken ct)
   at CloudDrive.Core.SyncEngine.Propagator.DeleteRemoteAsync(ReconcileAction action, CancellationToken ct)
   at CloudDrive.Core.SyncEngine.Propagator.ApplyAsync(ReconcileAction action, CancellationToken ct)
   at CloudDrive.Core.SyncEngine.RetryPolicy.<>c__DisplayClass4_0.<<ExecuteAsync>b__0>d.MoveNext()
--- End of stack trace from previous location ---
   at CloudDrive.Core.SyncEngine.RetryPolicy.ExecuteAsync[T](Func`1 action, String operationName, CancellationToken ct)
   at CloudDrive.Core.SyncEngine.RetryPolicy.ExecuteAsync(Func`1 action, String operationName, CancellationToken ct)
   at CloudDrive.Core.SyncEngine.SyncCoordinator.ProcessPropagatorQueueAsync(CancellationToken ct)
2026-04-28 09:08:58.910 +02:00 [WRN] Connection lost after 3 consecutive failures
2026-04-28 09:08:58.913 +02:00 [WRN] Problem recorded: "Connection" Connection lost LocalPath=null RemotePath=https://raw.wincasa-010.slbox.io:9443/instance_399 DedupeKey=connection:https://raw.wincasa-010.slbox.io:9443/instance_399
2026-04-28 09:08:58.913 +02:00 [INF] Explorer visual state: "Connected" -> "Disconnected"
2026-04-28 09:08:58.913 +02:00 [DBG] CfUpdateSyncProviderStatus set to "CF_PROVIDER_STATUS_CONNECTIVITY_LOST"
2026-04-28 09:08:58.914 +02:00 [INF] Explorer item update notified for C:\Users\jfischerk\CloudDrive
2026-04-28 09:08:58.915 +02:00 [INF] Explorer directory update notified for C:\Users\jfischerk\CloudDrive
2026-04-28 09:08:58.916 +02:00 [INF] Explorer refresh requested for C:\Users\jfischerk\CloudDrive
2026-04-28 09:08:58.935 +02:00 [INF] Explorer refresh completed for C:\Users\jfischerk\CloudDrive (windowsRefreshed=0)
2026-04-28 09:08:58.935 +02:00 [DBG] ReRegisterWithIconAsync debounced — skipping
2026-04-28 09:08:58.937 +02:00 [INF] Mount phase: "Ready" → "ConnectionLost"
2026-04-28 09:08:58.937 +02:00 [INF] Reconnection attempt 1 — waiting 5s (disconnected 0m 0s)
2026-04-28 09:08:58.938 +02:00 [DBG] WEBDAV_REQUEST LOCK https://raw.wincasa-010.slbox.io:9443/instance_399/Win-CASA/Nachweise/E-MAIL_POSTAUSGANG Timeout=600s
2026-04-28 09:08:58.941 +02:00 [DBG] WEBDAV_RESPONSE LOCK https://raw.wincasa-010.slbox.io:9443/instance_399/Win-CASA/Nachweise/E-MAIL_POSTAUSGANG 404 3ms
2026-04-28 09:08:58.941 +02:00 [ERR] Propagator job failed: 31ebfdaf17c069066fa4b3acbb7b7ab8531b4539ba7c740619a60786ebfeca72 "DeleteRemote" C:\Users\jfischerk\CloudDrive\Win-CASA\Nachweise\E-MAIL_POSTAUSGANG
System.Net.Http.HttpRequestException: Response status code does not indicate success: 404 (Not Found).
   at System.Net.Http.HttpResponseMessage.EnsureSuccessStatusCode()
   at CloudDrive.Core.WebDav.WebDavService.LockAsync(String remotePath, WebDavLockRequest request, CancellationToken ct)
   at CloudDrive.Core.SyncEngine.WebDavLockCoordinator.AcquireWriteLockAsync(String localPath, String remotePath, CancellationToken ct)
   at CloudDrive.Core.SyncEngine.Propagator.DeleteRemoteAsync(ReconcileAction action, CancellationToken ct)
   at CloudDrive.Core.SyncEngine.Propagator.ApplyAsync(ReconcileAction action, CancellationToken ct)
   at CloudDrive.Core.SyncEngine.RetryPolicy.<>c__DisplayClass4_0.<<ExecuteAsync>b__0>d.MoveNext()
--- End of stack trace from previous location ---
   at CloudDrive.Core.SyncEngine.RetryPolicy.ExecuteAsync[T](Func`1 action, String operationName, CancellationToken ct)
   at CloudDrive.Core.SyncEngine.RetryPolicy.ExecuteAsync(Func`1 action, String operationName, CancellationToken ct)
   at CloudDrive.Core.SyncEngine.SyncCoordinator.ProcessPropagatorQueueAsync(CancellationToken ct)
2026-04-28 09:09:03.950 +02:00 [INF] Connection restored — resuming sync
2026-04-28 09:09:03.950 +02:00 [INF] Explorer visual state: "Disconnected" -> "Connected"
2026-04-28 09:09:03.950 +02:00 [DBG] CfUpdateSyncProviderStatus set to "CF_PROVIDER_STATUS_IDLE"
2026-04-28 09:09:03.951 +02:00 [INF] Explorer item update notified for C:\Users\jfischerk\CloudDrive
2026-04-28 09:09:03.951 +02:00 [INF] Explorer directory update notified for C:\Users\jfischerk\CloudDrive
2026-04-28 09:09:03.952 +02:00 [INF] Explorer refresh requested for C:\Users\jfischerk\CloudDrive
2026-04-28 09:09:03.967 +02:00 [INF] Explorer refresh completed for C:\Users\jfischerk\CloudDrive (windowsRefreshed=0)
2026-04-28 09:09:04.055 +02:00 [INF] Mount phase: "ConnectionLost" → "Ready"
2026-04-28 09:09:04.058 +02:00 [DBG] DEHYDRATE skipped: placeholder is not an unpinned dehydration candidate for C:\Users\jfischerk\CloudDrive\sk-TEST.docx Trigger=startup/reconnect reconciliation PinState="CF_PIN_STATE_UNSPECIFIED" InSyncState="CF_IN_SYNC_STATE_IN_SYNC" OnDiskDataSize=0 ModifiedDataSize=0
2026-04-28 09:09:04.088 +02:00 [INF] Re-registered sync root with icon: %SystemRoot%\system32\imageres.dll,-1043
2026-04-28 09:09:04.991 +02:00 [DBG] WEBDAV_REQUEST LOCK https://raw.wincasa-010.slbox.io:9443/instance_399/Win-CASA/Nachweise/Dokumente_Aufgaben Timeout=600s
2026-04-28 09:09:04.996 +02:00 [DBG] WEBDAV_RESPONSE LOCK https://raw.wincasa-010.slbox.io:9443/instance_399/Win-CASA/Nachweise/Dokumente_Aufgaben 404 5ms
2026-04-28 09:09:04.996 +02:00 [ERR] Propagator job failed: 9f84390cd7a51d2dd88aeb46f1fb5fd56442eb5b3ddf35d66f589e07bec5795d "DeleteRemote" C:\Users\jfischerk\CloudDrive\Win-CASA\Nachweise\Dokumente_Aufgaben
System.Net.Http.HttpRequestException: Response status code does not indicate success: 404 (Not Found).
   at System.Net.Http.HttpResponseMessage.EnsureSuccessStatusCode()
   at CloudDrive.Core.WebDav.WebDavService.LockAsync(String remotePath, WebDavLockRequest request, CancellationToken ct)
   at CloudDrive.Core.SyncEngine.WebDavLockCoordinator.AcquireWriteLockAsync(String localPath, String remotePath, CancellationToken ct)
   at CloudDrive.Core.SyncEngine.Propagator.DeleteRemoteAsync(ReconcileAction action, CancellationToken ct)
   at CloudDrive.Core.SyncEngine.Propagator.ApplyAsync(ReconcileAction action, CancellationToken ct)
   at CloudDrive.Core.SyncEngine.RetryPolicy.<>c__DisplayClass4_0.<<ExecuteAsync>b__0>d.MoveNext()
--- End of stack trace from previous location ---
   at CloudDrive.Core.SyncEngine.RetryPolicy.ExecuteAsync[T](Func`1 action, String operationName, CancellationToken ct)
   at CloudDrive.Core.SyncEngine.RetryPolicy.ExecuteAsync(Func`1 action, String operationName, CancellationToken ct)
   at CloudDrive.Core.SyncEngine.SyncCoordinator.ProcessPropagatorQueueAsync(CancellationToken ct)
2026-04-28 09:09:05.000 +02:00 [DBG] UI[Tray] State updated to "Error"
2026-04-28 09:09:05.001 +02:00 [DBG] WEBDAV_REQUEST LOCK https://raw.wincasa-010.slbox.io:9443/instance_399/Win-CASA/Nachweise/Dokumente_Vorgaenge Timeout=600s
2026-04-28 09:09:05.004 +02:00 [DBG] WEBDAV_RESPONSE LOCK https://raw.wincasa-010.slbox.io:9443/instance_399/Win-CASA/Nachweise/Dokumente_Vorgaenge 404 3ms
2026-04-28 09:09:05.004 +02:00 [ERR] Propagator job failed: fa5884ba9760c0fac9d8ca2181b0f4e6ba1aa8f15e08b6121ca2baa0f7e09048 "DeleteRemote" C:\Users\jfischerk\CloudDrive\Win-CASA\Nachweise\Dokumente_Vorgaenge
System.Net.Http.HttpRequestException: Response status code does not indicate success: 404 (Not Found).
   at System.Net.Http.HttpResponseMessage.EnsureSuccessStatusCode()
   at CloudDrive.Core.WebDav.WebDavService.LockAsync(String remotePath, WebDavLockRequest request, CancellationToken ct)
   at CloudDrive.Core.SyncEngine.WebDavLockCoordinator.AcquireWriteLockAsync(String localPath, String remotePath, CancellationToken ct)
   at CloudDrive.Core.SyncEngine.Propagator.DeleteRemoteAsync(ReconcileAction action, CancellationToken ct)
   at CloudDrive.Core.SyncEngine.Propagator.ApplyAsync(ReconcileAction action, CancellationToken ct)
   at CloudDrive.Core.SyncEngine.RetryPolicy.<>c__DisplayClass4_0.<<ExecuteAsync>b__0>d.MoveNext()
--- End of stack trace from previous location ---
   at CloudDrive.Core.SyncEngine.RetryPolicy.ExecuteAsync[T](Func`1 action, String operationName, CancellationToken ct)
   at CloudDrive.Core.SyncEngine.RetryPolicy.ExecuteAsync(Func`1 action, String operationName, CancellationToken ct)
   at CloudDrive.Core.SyncEngine.SyncCoordinator.ProcessPropagatorQueueAsync(CancellationToken ct)
2026-04-28 09:09:05.007 +02:00 [DBG] UI[Tray] State updated to "Error"
2026-04-28 09:09:05.008 +02:00 [DBG] WEBDAV_REQUEST LOCK https://raw.wincasa-010.slbox.io:9443/instance_399/Win-CASA/Nachweise/Drucken_POSTAUSGANG Timeout=600s
2026-04-28 09:09:05.016 +02:00 [DBG] WEBDAV_RESPONSE LOCK https://raw.wincasa-010.slbox.io:9443/instance_399/Win-CASA/Nachweise/Drucken_POSTAUSGANG 404 8ms
2026-04-28 09:09:05.017 +02:00 [ERR] Propagator job failed: a91951481a182760640c02119b84c8f6e3877d233480c6d2d752a9bd586fc6f9 "DeleteRemote" C:\Users\jfischerk\CloudDrive\Win-CASA\Nachweise\Drucken_POSTAUSGANG
System.Net.Http.HttpRequestException: Response status code does not indicate success: 404 (Not Found).
   at System.Net.Http.HttpResponseMessage.EnsureSuccessStatusCode()
   at CloudDrive.Core.WebDav.WebDavService.LockAsync(String remotePath, WebDavLockRequest request, CancellationToken ct)
   at CloudDrive.Core.SyncEngine.WebDavLockCoordinator.AcquireWriteLockAsync(String localPath, String remotePath, CancellationToken ct)
   at CloudDrive.Core.SyncEngine.Propagator.DeleteRemoteAsync(ReconcileAction action, CancellationToken ct)
   at CloudDrive.Core.SyncEngine.Propagator.ApplyAsync(ReconcileAction action, CancellationToken ct)
   at CloudDrive.Core.SyncEngine.RetryPolicy.<>c__DisplayClass4_0.<<ExecuteAsync>b__0>d.MoveNext()
--- End of stack trace from previous location ---
   at CloudDrive.Core.SyncEngine.RetryPolicy.ExecuteAsync[T](Func`1 action, String operationName, CancellationToken ct)
   at CloudDrive.Core.SyncEngine.RetryPolicy.ExecuteAsync(Func`1 action, String operationName, CancellationToken ct)
   at CloudDrive.Core.SyncEngine.SyncCoordinator.ProcessPropagatorQueueAsync(CancellationToken ct)
2026-04-28 09:09:05.020 +02:00 [WRN] Connection lost after 3 consecutive failures
2026-04-28 09:09:05.023 +02:00 [WRN] Problem recorded: "Connection" Connection lost LocalPath=null RemotePath=https://raw.wincasa-010.slbox.io:9443/instance_399 DedupeKey=connection:https://raw.wincasa-010.slbox.io:9443/instance_399
2026-04-28 09:09:05.023 +02:00 [INF] Explorer visual state: "Connected" -> "Disconnected"
2026-04-28 09:09:05.023 +02:00 [DBG] CfUpdateSyncProviderStatus set to "CF_PROVIDER_STATUS_CONNECTIVITY_LOST"
2026-04-28 09:09:05.023 +02:00 [INF] Explorer item update notified for C:\Users\jfischerk\CloudDrive
2026-04-28 09:09:05.024 +02:00 [INF] Explorer directory update notified for C:\Users\jfischerk\CloudDrive
2026-04-28 09:09:05.025 +02:00 [INF] Explorer refresh requested for C:\Users\jfischerk\CloudDrive
2026-04-28 09:09:05.047 +02:00 [INF] Explorer refresh completed for C:\Users\jfischerk\CloudDrive (windowsRefreshed=0)
2026-04-28 09:09:05.047 +02:00 [DBG] ReRegisterWithIconAsync debounced — skipping
2026-04-28 09:09:05.049 +02:00 [INF] Mount phase: "Ready" → "ConnectionLost"
2026-04-28 09:09:05.049 +02:00 [INF] Reconnection attempt 1 — waiting 5s (disconnected 0m 0s)
2026-04-28 09:09:05.050 +02:00 [DBG] WEBDAV_REQUEST LOCK https://raw.wincasa-010.slbox.io:9443/instance_399/Win-CASA/Nachweise/E-MAIL_POSTAUSGANG Timeout=600s
2026-04-28 09:09:05.053 +02:00 [DBG] WEBDAV_RESPONSE LOCK https://raw.wincasa-010.slbox.io:9443/instance_399/Win-CASA/Nachweise/E-MAIL_POSTAUSGANG 404 3ms
2026-04-28 09:09:05.053 +02:00 [ERR] Propagator job failed: 31ebfdaf17c069066fa4b3acbb7b7ab8531b4539ba7c740619a60786ebfeca72 "DeleteRemote" C:\Users\jfischerk\CloudDrive\Win-CASA\Nachweise\E-MAIL_POSTAUSGANG
System.Net.Http.HttpRequestException: Response status code does not indicate success: 404 (Not Found).
   at System.Net.Http.HttpResponseMessage.EnsureSuccessStatusCode()
   at CloudDrive.Core.WebDav.WebDavService.LockAsync(String remotePath, WebDavLockRequest request, CancellationToken ct)
   at CloudDrive.Core.SyncEngine.WebDavLockCoordinator.AcquireWriteLockAsync(String localPath, String remotePath, CancellationToken ct)
   at CloudDrive.Core.SyncEngine.Propagator.DeleteRemoteAsync(ReconcileAction action, CancellationToken ct)
   at CloudDrive.Core.SyncEngine.Propagator.ApplyAsync(ReconcileAction action, CancellationToken ct)
   at CloudDrive.Core.SyncEngine.RetryPolicy.<>c__DisplayClass4_0.<<ExecuteAsync>b__0>d.MoveNext()
--- End of stack trace from previous location ---
   at CloudDrive.Core.SyncEngine.RetryPolicy.ExecuteAsync[T](Func`1 action, String operationName, CancellationToken ct)
   at CloudDrive.Core.SyncEngine.RetryPolicy.ExecuteAsync(Func`1 action, String operationName, CancellationToken ct)
   at CloudDrive.Core.SyncEngine.SyncCoordinator.ProcessPropagatorQueueAsync(CancellationToken ct)
2026-04-28 09:09:10.072 +02:00 [INF] Connection restored — resuming sync
2026-04-28 09:09:10.073 +02:00 [INF] Explorer visual state: "Disconnected" -> "Connected"
2026-04-28 09:09:10.073 +02:00 [DBG] CfUpdateSyncProviderStatus set to "CF_PROVIDER_STATUS_IDLE"
2026-04-28 09:09:10.074 +02:00 [INF] Explorer item update notified for C:\Users\jfischerk\CloudDrive
2026-04-28 09:09:10.074 +02:00 [INF] Explorer directory update notified for C:\Users\jfischerk\CloudDrive
2026-04-28 09:09:10.075 +02:00 [INF] Explorer refresh requested for C:\Users\jfischerk\CloudDrive
2026-04-28 09:09:10.091 +02:00 [INF] Explorer refresh completed for C:\Users\jfischerk\CloudDrive (windowsRefreshed=0)
2026-04-28 09:09:10.176 +02:00 [INF] Mount phase: "ConnectionLost" → "Ready"
2026-04-28 09:09:10.180 +02:00 [DBG] DEHYDRATE skipped: placeholder is not an unpinned dehydration candidate for C:\Users\jfischerk\CloudDrive\sk-TEST.docx Trigger=startup/reconnect reconciliation PinState="CF_PIN_STATE_UNSPECIFIED" InSyncState="CF_IN_SYNC_STATE_IN_SYNC" OnDiskDataSize=0 ModifiedDataSize=0
2026-04-28 09:09:10.209 +02:00 [INF] Re-registered sync root with icon: %SystemRoot%\system32\imageres.dll,-1043
2026-04-28 09:09:11.094 +02:00 [DBG] WEBDAV_REQUEST LOCK https://raw.wincasa-010.slbox.io:9443/instance_399/Win-CASA/Nachweise/Dokumente_Aufgaben Timeout=600s
2026-04-28 09:09:11.099 +02:00 [DBG] WEBDAV_RESPONSE LOCK https://raw.wincasa-010.slbox.io:9443/instance_399/Win-CASA/Nachweise/Dokumente_Aufgaben 404 4ms
2026-04-28 09:09:11.099 +02:00 [ERR] Propagator job failed: 9f84390cd7a51d2dd88aeb46f1fb5fd56442eb5b3ddf35d66f589e07bec5795d "DeleteRemote" C:\Users\jfischerk\CloudDrive\Win-CASA\Nachweise\Dokumente_Aufgaben
System.Net.Http.HttpRequestException: Response status code does not indicate success: 404 (Not Found).
   at System.Net.Http.HttpResponseMessage.EnsureSuccessStatusCode()
   at CloudDrive.Core.WebDav.WebDavService.LockAsync(String remotePath, WebDavLockRequest request, CancellationToken ct)
   at CloudDrive.Core.SyncEngine.WebDavLockCoordinator.AcquireWriteLockAsync(String localPath, String remotePath, CancellationToken ct)
   at CloudDrive.Core.SyncEngine.Propagator.DeleteRemoteAsync(ReconcileAction action, CancellationToken ct)
   at CloudDrive.Core.SyncEngine.Propagator.ApplyAsync(ReconcileAction action, CancellationToken ct)
   at CloudDrive.Core.SyncEngine.RetryPolicy.<>c__DisplayClass4_0.<<ExecuteAsync>b__0>d.MoveNext()
--- End of stack trace from previous location ---
   at CloudDrive.Core.SyncEngine.RetryPolicy.ExecuteAsync[T](Func`1 action, String operationName, CancellationToken ct)
   at CloudDrive.Core.SyncEngine.RetryPolicy.ExecuteAsync(Func`1 action, String operationName, CancellationToken ct)
   at CloudDrive.Core.SyncEngine.SyncCoordinator.ProcessPropagatorQueueAsync(CancellationToken ct)
2026-04-28 09:09:11.103 +02:00 [DBG] UI[Tray] State updated to "Error"
2026-04-28 09:09:11.103 +02:00 [DBG] WEBDAV_REQUEST LOCK https://raw.wincasa-010.slbox.io:9443/instance_399/Win-CASA/Nachweise/Dokumente_Vorgaenge Timeout=600s
2026-04-28 09:09:11.106 +02:00 [DBG] WEBDAV_RESPONSE LOCK https://raw.wincasa-010.slbox.io:9443/instance_399/Win-CASA/Nachweise/Dokumente_Vorgaenge 404 3ms
2026-04-28 09:09:11.107 +02:00 [ERR] Propagator job failed: fa5884ba9760c0fac9d8ca2181b0f4e6ba1aa8f15e08b6121ca2baa0f7e09048 "DeleteRemote" C:\Users\jfischerk\CloudDrive\Win-CASA\Nachweise\Dokumente_Vorgaenge
System.Net.Http.HttpRequestException: Response status code does not indicate success: 404 (Not Found).
   at System.Net.Http.HttpResponseMessage.EnsureSuccessStatusCode()
   at CloudDrive.Core.WebDav.WebDavService.LockAsync(String remotePath, WebDavLockRequest request, CancellationToken ct)
   at CloudDrive.Core.SyncEngine.WebDavLockCoordinator.AcquireWriteLockAsync(String localPath, String remotePath, CancellationToken ct)
   at CloudDrive.Core.SyncEngine.Propagator.DeleteRemoteAsync(ReconcileAction action, CancellationToken ct)
   at CloudDrive.Core.SyncEngine.Propagator.ApplyAsync(ReconcileAction action, CancellationToken ct)
   at CloudDrive.Core.SyncEngine.RetryPolicy.<>c__DisplayClass4_0.<<ExecuteAsync>b__0>d.MoveNext()
--- End of stack trace from previous location ---
   at CloudDrive.Core.SyncEngine.RetryPolicy.ExecuteAsync[T](Func`1 action, String operationName, CancellationToken ct)
   at CloudDrive.Core.SyncEngine.RetryPolicy.ExecuteAsync(Func`1 action, String operationName, CancellationToken ct)
   at CloudDrive.Core.SyncEngine.SyncCoordinator.ProcessPropagatorQueueAsync(CancellationToken ct)
2026-04-28 09:09:11.110 +02:00 [DBG] UI[Tray] State updated to "Error"
2026-04-28 09:09:11.111 +02:00 [DBG] WEBDAV_REQUEST LOCK https://raw.wincasa-010.slbox.io:9443/instance_399/Win-CASA/Nachweise/Drucken_POSTAUSGANG Timeout=600s
2026-04-28 09:09:11.114 +02:00 [DBG] WEBDAV_RESPONSE LOCK https://raw.wincasa-010.slbox.io:9443/instance_399/Win-CASA/Nachweise/Drucken_POSTAUSGANG 404 2ms
2026-04-28 09:09:11.114 +02:00 [ERR] Propagator job failed: a91951481a182760640c02119b84c8f6e3877d233480c6d2d752a9bd586fc6f9 "DeleteRemote" C:\Users\jfischerk\CloudDrive\Win-CASA\Nachweise\Drucken_POSTAUSGANG
System.Net.Http.HttpRequestException: Response status code does not indicate success: 404 (Not Found).
   at System.Net.Http.HttpResponseMessage.EnsureSuccessStatusCode()
   at CloudDrive.Core.WebDav.WebDavService.LockAsync(String remotePath, WebDavLockRequest request, CancellationToken ct)
   at CloudDrive.Core.SyncEngine.WebDavLockCoordinator.AcquireWriteLockAsync(String localPath, String remotePath, CancellationToken ct)
   at CloudDrive.Core.SyncEngine.Propagator.DeleteRemoteAsync(ReconcileAction action, CancellationToken ct)
   at CloudDrive.Core.SyncEngine.Propagator.ApplyAsync(ReconcileAction action, CancellationToken ct)
   at CloudDrive.Core.SyncEngine.RetryPolicy.<>c__DisplayClass4_0.<<ExecuteAsync>b__0>d.MoveNext()
--- End of stack trace from previous location ---
   at CloudDrive.Core.SyncEngine.RetryPolicy.ExecuteAsync[T](Func`1 action, String operationName, CancellationToken ct)
   at CloudDrive.Core.SyncEngine.RetryPolicy.ExecuteAsync(Func`1 action, String operationName, CancellationToken ct)
   at CloudDrive.Core.SyncEngine.SyncCoordinator.ProcessPropagatorQueueAsync(CancellationToken ct)
2026-04-28 09:09:11.117 +02:00 [WRN] Connection lost after 3 consecutive failures
2026-04-28 09:09:11.119 +02:00 [WRN] Problem recorded: "Connection" Connection lost LocalPath=null RemotePath=https://raw.wincasa-010.slbox.io:9443/instance_399 DedupeKey=connection:https://raw.wincasa-010.slbox.io:9443/instance_399
2026-04-28 09:09:11.119 +02:00 [INF] Explorer visual state: "Connected" -> "Disconnected"
2026-04-28 09:09:11.120 +02:00 [DBG] CfUpdateSyncProviderStatus set to "CF_PROVIDER_STATUS_CONNECTIVITY_LOST"
2026-04-28 09:09:11.120 +02:00 [INF] Explorer item update notified for C:\Users\jfischerk\CloudDrive
2026-04-28 09:09:11.121 +02:00 [INF] Explorer directory update notified for C:\Users\jfischerk\CloudDrive
2026-04-28 09:09:11.122 +02:00 [INF] Explorer refresh requested for C:\Users\jfischerk\CloudDrive
2026-04-28 09:09:11.139 +02:00 [INF] Explorer refresh completed for C:\Users\jfischerk\CloudDrive (windowsRefreshed=0)
2026-04-28 09:09:11.139 +02:00 [DBG] ReRegisterWithIconAsync debounced — skipping
2026-04-28 09:09:11.141 +02:00 [INF] Mount phase: "Ready" → "ConnectionLost"
2026-04-28 09:09:11.141 +02:00 [INF] Reconnection attempt 1 — waiting 5s (disconnected 0m 0s)
2026-04-28 09:09:11.142 +02:00 [DBG] WEBDAV_REQUEST LOCK https://raw.wincasa-010.slbox.io:9443/instance_399/Win-CASA/Nachweise/E-MAIL_POSTAUSGANG Timeout=600s
2026-04-28 09:09:11.146 +02:00 [DBG] WEBDAV_RESPONSE LOCK https://raw.wincasa-010.slbox.io:9443/instance_399/Win-CASA/Nachweise/E-MAIL_POSTAUSGANG 404 3ms
2026-04-28 09:09:11.146 +02:00 [ERR] Propagator job failed: 31ebfdaf17c069066fa4b3acbb7b7ab8531b4539ba7c740619a60786ebfeca72 "DeleteRemote" C:\Users\jfischerk\CloudDrive\Win-CASA\Nachweise\E-MAIL_POSTAUSGANG
System.Net.Http.HttpRequestException: Response status code does not indicate success: 404 (Not Found).
   at System.Net.Http.HttpResponseMessage.EnsureSuccessStatusCode()
   at CloudDrive.Core.WebDav.WebDavService.LockAsync(String remotePath, WebDavLockRequest request, CancellationToken ct)
   at CloudDrive.Core.SyncEngine.WebDavLockCoordinator.AcquireWriteLockAsync(String localPath, String remotePath, CancellationToken ct)
   at CloudDrive.Core.SyncEngine.Propagator.DeleteRemoteAsync(ReconcileAction action, CancellationToken ct)
   at CloudDrive.Core.SyncEngine.Propagator.ApplyAsync(ReconcileAction action, CancellationToken ct)
   at CloudDrive.Core.SyncEngine.RetryPolicy.<>c__DisplayClass4_0.<<ExecuteAsync>b__0>d.MoveNext()
--- End of stack trace from previous location ---
   at CloudDrive.Core.SyncEngine.RetryPolicy.ExecuteAsync[T](Func`1 action, String operationName, CancellationToken ct)
   at CloudDrive.Core.SyncEngine.RetryPolicy.ExecuteAsync(Func`1 action, String operationName, CancellationToken ct)
   at CloudDrive.Core.SyncEngine.SyncCoordinator.ProcessPropagatorQueueAsync(CancellationToken ct)
2026-04-28 09:09:16.163 +02:00 [INF] Connection restored — resuming sync
2026-04-28 09:09:16.164 +02:00 [INF] Explorer visual state: "Disconnected" -> "Connected"
2026-04-28 09:09:16.164 +02:00 [DBG] CfUpdateSyncProviderStatus set to "CF_PROVIDER_STATUS_IDLE"
2026-04-28 09:09:16.164 +02:00 [INF] Explorer item update notified for C:\Users\jfischerk\CloudDrive
2026-04-28 09:09:16.165 +02:00 [INF] Explorer directory update notified for C:\Users\jfischerk\CloudDrive
2026-04-28 09:09:16.166 +02:00 [INF] Explorer refresh requested for C:\Users\jfischerk\CloudDrive
2026-04-28 09:09:16.181 +02:00 [INF] Explorer refresh completed for C:\Users\jfischerk\CloudDrive (windowsRefreshed=0)
2026-04-28 09:09:16.263 +02:00 [INF] Mount phase: "ConnectionLost" → "Ready"
2026-04-28 09:09:16.267 +02:00 [DBG] DEHYDRATE skipped: placeholder is not an unpinned dehydration candidate for C:\Users\jfischerk\CloudDrive\sk-TEST.docx Trigger=startup/reconnect reconciliation PinState="CF_PIN_STATE_UNSPECIFIED" InSyncState="CF_IN_SYNC_STATE_IN_SYNC" OnDiskDataSize=0 ModifiedDataSize=0
2026-04-28 09:09:16.295 +02:00 [INF] Re-registered sync root with icon: %SystemRoot%\system32\imageres.dll,-1043
2026-04-28 09:09:17.183 +02:00 [DBG] WEBDAV_REQUEST LOCK https://raw.wincasa-010.slbox.io:9443/instance_399/Win-CASA/Nachweise/Dokumente_Aufgaben Timeout=600s
2026-04-28 09:09:17.188 +02:00 [DBG] WEBDAV_RESPONSE LOCK https://raw.wincasa-010.slbox.io:9443/instance_399/Win-CASA/Nachweise/Dokumente_Aufgaben 404 4ms
2026-04-28 09:09:17.188 +02:00 [ERR] Propagator job failed: 9f84390cd7a51d2dd88aeb46f1fb5fd56442eb5b3ddf35d66f589e07bec5795d "DeleteRemote" C:\Users\jfischerk\CloudDrive\Win-CASA\Nachweise\Dokumente_Aufgaben
System.Net.Http.HttpRequestException: Response status code does not indicate success: 404 (Not Found).
   at System.Net.Http.HttpResponseMessage.EnsureSuccessStatusCode()
   at CloudDrive.Core.WebDav.WebDavService.LockAsync(String remotePath, WebDavLockRequest request, CancellationToken ct)
   at CloudDrive.Core.SyncEngine.WebDavLockCoordinator.AcquireWriteLockAsync(String localPath, String remotePath, CancellationToken ct)
   at CloudDrive.Core.SyncEngine.Propagator.DeleteRemoteAsync(ReconcileAction action, CancellationToken ct)
   at CloudDrive.Core.SyncEngine.Propagator.ApplyAsync(ReconcileAction action, CancellationToken ct)
   at CloudDrive.Core.SyncEngine.RetryPolicy.<>c__DisplayClass4_0.<<ExecuteAsync>b__0>d.MoveNext()
--- End of stack trace from previous location ---
   at CloudDrive.Core.SyncEngine.RetryPolicy.ExecuteAsync[T](Func`1 action, String operationName, CancellationToken ct)
   at CloudDrive.Core.SyncEngine.RetryPolicy.ExecuteAsync(Func`1 action, String operationName, CancellationToken ct)
   at CloudDrive.Core.SyncEngine.SyncCoordinator.ProcessPropagatorQueueAsync(CancellationToken ct)
2026-04-28 09:09:17.191 +02:00 [DBG] UI[Tray] State updated to "Error"
2026-04-28 09:09:17.192 +02:00 [DBG] WEBDAV_REQUEST LOCK https://raw.wincasa-010.slbox.io:9443/instance_399/Win-CASA/Nachweise/Dokumente_Vorgaenge Timeout=600s
2026-04-28 09:09:17.195 +02:00 [DBG] WEBDAV_RESPONSE LOCK https://raw.wincasa-010.slbox.io:9443/instance_399/Win-CASA/Nachweise/Dokumente_Vorgaenge 404 2ms
2026-04-28 09:09:17.195 +02:00 [ERR] Propagator job failed: fa5884ba9760c0fac9d8ca2181b0f4e6ba1aa8f15e08b6121ca2baa0f7e09048 "DeleteRemote" C:\Users\jfischerk\CloudDrive\Win-CASA\Nachweise\Dokumente_Vorgaenge
System.Net.Http.HttpRequestException: Response status code does not indicate success: 404 (Not Found).
   at System.Net.Http.HttpResponseMessage.EnsureSuccessStatusCode()
   at CloudDrive.Core.WebDav.WebDavService.LockAsync(String remotePath, WebDavLockRequest request, CancellationToken ct)
   at CloudDrive.Core.SyncEngine.WebDavLockCoordinator.AcquireWriteLockAsync(String localPath, String remotePath, CancellationToken ct)
   at CloudDrive.Core.SyncEngine.Propagator.DeleteRemoteAsync(ReconcileAction action, CancellationToken ct)
   at CloudDrive.Core.SyncEngine.Propagator.ApplyAsync(ReconcileAction action, CancellationToken ct)
   at CloudDrive.Core.SyncEngine.RetryPolicy.<>c__DisplayClass4_0.<<ExecuteAsync>b__0>d.MoveNext()
--- End of stack trace from previous location ---
   at CloudDrive.Core.SyncEngine.RetryPolicy.ExecuteAsync[T](Func`1 action, String operationName, CancellationToken ct)
   at CloudDrive.Core.SyncEngine.RetryPolicy.ExecuteAsync(Func`1 action, String operationName, CancellationToken ct)
   at CloudDrive.Core.SyncEngine.SyncCoordinator.ProcessPropagatorQueueAsync(CancellationToken ct)
2026-04-28 09:09:17.198 +02:00 [DBG] UI[Tray] State updated to "Error"
2026-04-28 09:09:17.198 +02:00 [DBG] WEBDAV_REQUEST LOCK https://raw.wincasa-010.slbox.io:9443/instance_399/Win-CASA/Nachweise/Drucken_POSTAUSGANG Timeout=600s
2026-04-28 09:09:17.201 +02:00 [DBG] WEBDAV_RESPONSE LOCK https://raw.wincasa-010.slbox.io:9443/instance_399/Win-CASA/Nachweise/Drucken_POSTAUSGANG 404 2ms
2026-04-28 09:09:17.201 +02:00 [ERR] Propagator job failed: a91951481a182760640c02119b84c8f6e3877d233480c6d2d752a9bd586fc6f9 "DeleteRemote" C:\Users\jfischerk\CloudDrive\Win-CASA\Nachweise\Drucken_POSTAUSGANG
System.Net.Http.HttpRequestException: Response status code does not indicate success: 404 (Not Found).
   at System.Net.Http.HttpResponseMessage.EnsureSuccessStatusCode()
   at CloudDrive.Core.WebDav.WebDavService.LockAsync(String remotePath, WebDavLockRequest request, CancellationToken ct)
   at CloudDrive.Core.SyncEngine.WebDavLockCoordinator.AcquireWriteLockAsync(String localPath, String remotePath, CancellationToken ct)
   at CloudDrive.Core.SyncEngine.Propagator.DeleteRemoteAsync(ReconcileAction action, CancellationToken ct)
   at CloudDrive.Core.SyncEngine.Propagator.ApplyAsync(ReconcileAction action, CancellationToken ct)
   at CloudDrive.Core.SyncEngine.RetryPolicy.<>c__DisplayClass4_0.<<ExecuteAsync>b__0>d.MoveNext()
--- End of stack trace from previous location ---
   at CloudDrive.Core.SyncEngine.RetryPolicy.ExecuteAsync[T](Func`1 action, String operationName, CancellationToken ct)
   at CloudDrive.Core.SyncEngine.RetryPolicy.ExecuteAsync(Func`1 action, String operationName, CancellationToken ct)
   at CloudDrive.Core.SyncEngine.SyncCoordinator.ProcessPropagatorQueueAsync(CancellationToken ct)
2026-04-28 09:09:17.204 +02:00 [WRN] Connection lost after 3 consecutive failures
2026-04-28 09:09:17.207 +02:00 [WRN] Problem recorded: "Connection" Connection lost LocalPath=null RemotePath=https://raw.wincasa-010.slbox.io:9443/instance_399 DedupeKey=connection:https://raw.wincasa-010.slbox.io:9443/instance_399
2026-04-28 09:09:17.207 +02:00 [INF] Explorer visual state: "Connected" -> "Disconnected"
2026-04-28 09:09:17.207 +02:00 [DBG] CfUpdateSyncProviderStatus set to "CF_PROVIDER_STATUS_CONNECTIVITY_LOST"
2026-04-28 09:09:17.208 +02:00 [INF] Explorer item update notified for C:\Users\jfischerk\CloudDrive
2026-04-28 09:09:17.208 +02:00 [INF] Explorer directory update notified for C:\Users\jfischerk\CloudDrive
2026-04-28 09:09:17.209 +02:00 [INF] Explorer refresh requested for C:\Users\jfischerk\CloudDrive
2026-04-28 09:09:17.229 +02:00 [INF] Explorer refresh completed for C:\Users\jfischerk\CloudDrive (windowsRefreshed=0)
2026-04-28 09:09:17.229 +02:00 [DBG] ReRegisterWithIconAsync debounced — skipping
2026-04-28 09:09:17.231 +02:00 [INF] Mount phase: "Ready" → "ConnectionLost"
2026-04-28 09:09:17.232 +02:00 [INF] Reconnection attempt 1 — waiting 5s (disconnected 0m 0s)
2026-04-28 09:09:17.232 +02:00 [DBG] WEBDAV_REQUEST LOCK https://raw.wincasa-010.slbox.io:9443/instance_399/Win-CASA/Nachweise/E-MAIL_POSTAUSGANG Timeout=600s
2026-04-28 09:09:17.235 +02:00 [DBG] WEBDAV_RESPONSE LOCK https://raw.wincasa-010.slbox.io:9443/instance_399/Win-CASA/Nachweise/E-MAIL_POSTAUSGANG 404 3ms
2026-04-28 09:09:17.236 +02:00 [ERR] Propagator job failed: 31ebfdaf17c069066fa4b3acbb7b7ab8531b4539ba7c740619a60786ebfeca72 "DeleteRemote" C:\Users\jfischerk\CloudDrive\Win-CASA\Nachweise\E-MAIL_POSTAUSGANG
System.Net.Http.HttpRequestException: Response status code does not indicate success: 404 (Not Found).
   at System.Net.Http.HttpResponseMessage.EnsureSuccessStatusCode()
   at CloudDrive.Core.WebDav.WebDavService.LockAsync(String remotePath, WebDavLockRequest request, CancellationToken ct)
   at CloudDrive.Core.SyncEngine.WebDavLockCoordinator.AcquireWriteLockAsync(String localPath, String remotePath, CancellationToken ct)
   at CloudDrive.Core.SyncEngine.Propagator.DeleteRemoteAsync(ReconcileAction action, CancellationToken ct)
   at CloudDrive.Core.SyncEngine.Propagator.ApplyAsync(ReconcileAction action, CancellationToken ct)
   at CloudDrive.Core.SyncEngine.RetryPolicy.<>c__DisplayClass4_0.<<ExecuteAsync>b__0>d.MoveNext()
--- End of stack trace from previous location ---
   at CloudDrive.Core.SyncEngine.RetryPolicy.ExecuteAsync[T](Func`1 action, String operationName, CancellationToken ct)
   at CloudDrive.Core.SyncEngine.RetryPolicy.ExecuteAsync(Func`1 action, String operationName, CancellationToken ct)
   at CloudDrive.Core.SyncEngine.SyncCoordinator.ProcessPropagatorQueueAsync(CancellationToken ct)
2026-04-28 09:09:22.248 +02:00 [INF] Connection restored — resuming sync
2026-04-28 09:09:22.248 +02:00 [INF] Explorer visual state: "Disconnected" -> "Connected"
2026-04-28 09:09:22.249 +02:00 [DBG] CfUpdateSyncProviderStatus set to "CF_PROVIDER_STATUS_IDLE"
2026-04-28 09:09:22.249 +02:00 [INF] Explorer item update notified for C:\Users\jfischerk\CloudDrive
2026-04-28 09:09:22.251 +02:00 [INF] Explorer directory update notified for C:\Users\jfischerk\CloudDrive
2026-04-28 09:09:22.252 +02:00 [INF] Explorer refresh requested for C:\Users\jfischerk\CloudDrive
2026-04-28 09:09:22.296 +02:00 [INF] Explorer refresh completed for C:\Users\jfischerk\CloudDrive (windowsRefreshed=0)
2026-04-28 09:09:22.399 +02:00 [INF] Mount phase: "ConnectionLost" → "Ready"
2026-04-28 09:09:22.403 +02:00 [DBG] DEHYDRATE skipped: placeholder is not an unpinned dehydration candidate for C:\Users\jfischerk\CloudDrive\sk-TEST.docx Trigger=startup/reconnect reconciliation PinState="CF_PIN_STATE_UNSPECIFIED" InSyncState="CF_IN_SYNC_STATE_IN_SYNC" OnDiskDataSize=0 ModifiedDataSize=0
2026-04-28 09:09:22.432 +02:00 [INF] Re-registered sync root with icon: %SystemRoot%\system32\imageres.dll,-1043
2026-04-28 09:09:23.288 +02:00 [DBG] WEBDAV_REQUEST LOCK https://raw.wincasa-010.slbox.io:9443/instance_399/Win-CASA/Nachweise/Dokumente_Aufgaben Timeout=600s
2026-04-28 09:09:23.293 +02:00 [DBG] WEBDAV_RESPONSE LOCK https://raw.wincasa-010.slbox.io:9443/instance_399/Win-CASA/Nachweise/Dokumente_Aufgaben 404 4ms
2026-04-28 09:09:23.293 +02:00 [ERR] Propagator job failed: 9f84390cd7a51d2dd88aeb46f1fb5fd56442eb5b3ddf35d66f589e07bec5795d "DeleteRemote" C:\Users\jfischerk\CloudDrive\Win-CASA\Nachweise\Dokumente_Aufgaben
System.Net.Http.HttpRequestException: Response status code does not indicate success: 404 (Not Found).
   at System.Net.Http.HttpResponseMessage.EnsureSuccessStatusCode()
   at CloudDrive.Core.WebDav.WebDavService.LockAsync(String remotePath, WebDavLockRequest request, CancellationToken ct)
   at CloudDrive.Core.SyncEngine.WebDavLockCoordinator.AcquireWriteLockAsync(String localPath, String remotePath, CancellationToken ct)
   at CloudDrive.Core.SyncEngine.Propagator.DeleteRemoteAsync(ReconcileAction action, CancellationToken ct)
   at CloudDrive.Core.SyncEngine.Propagator.ApplyAsync(ReconcileAction action, CancellationToken ct)
   at CloudDrive.Core.SyncEngine.RetryPolicy.<>c__DisplayClass4_0.<<ExecuteAsync>b__0>d.MoveNext()
--- End of stack trace from previous location ---
   at CloudDrive.Core.SyncEngine.RetryPolicy.ExecuteAsync[T](Func`1 action, String operationName, CancellationToken ct)
   at CloudDrive.Core.SyncEngine.RetryPolicy.ExecuteAsync(Func`1 action, String operationName, CancellationToken ct)
   at CloudDrive.Core.SyncEngine.SyncCoordinator.ProcessPropagatorQueueAsync(CancellationToken ct)
2026-04-28 09:09:23.298 +02:00 [DBG] UI[Tray] State updated to "Error"
2026-04-28 09:09:23.298 +02:00 [DBG] WEBDAV_REQUEST LOCK https://raw.wincasa-010.slbox.io:9443/instance_399/Win-CASA/Nachweise/Dokumente_Vorgaenge Timeout=600s
2026-04-28 09:09:23.302 +02:00 [DBG] WEBDAV_RESPONSE LOCK https://raw.wincasa-010.slbox.io:9443/instance_399/Win-CASA/Nachweise/Dokumente_Vorgaenge 404 3ms
2026-04-28 09:09:23.302 +02:00 [ERR] Propagator job failed: fa5884ba9760c0fac9d8ca2181b0f4e6ba1aa8f15e08b6121ca2baa0f7e09048 "DeleteRemote" C:\Users\jfischerk\CloudDrive\Win-CASA\Nachweise\Dokumente_Vorgaenge
System.Net.Http.HttpRequestException: Response status code does not indicate success: 404 (Not Found).
   at System.Net.Http.HttpResponseMessage.EnsureSuccessStatusCode()
   at CloudDrive.Core.WebDav.WebDavService.LockAsync(String remotePath, WebDavLockRequest request, CancellationToken ct)
   at CloudDrive.Core.SyncEngine.WebDavLockCoordinator.AcquireWriteLockAsync(String localPath, String remotePath, CancellationToken ct)
   at CloudDrive.Core.SyncEngine.Propagator.DeleteRemoteAsync(ReconcileAction action, CancellationToken ct)
   at CloudDrive.Core.SyncEngine.Propagator.ApplyAsync(ReconcileAction action, CancellationToken ct)
   at CloudDrive.Core.SyncEngine.RetryPolicy.<>c__DisplayClass4_0.<<ExecuteAsync>b__0>d.MoveNext()
--- End of stack trace from previous location ---
   at CloudDrive.Core.SyncEngine.RetryPolicy.ExecuteAsync[T](Func`1 action, String operationName, CancellationToken ct)
   at CloudDrive.Core.SyncEngine.RetryPolicy.ExecuteAsync(Func`1 action, String operationName, CancellationToken ct)
   at CloudDrive.Core.SyncEngine.SyncCoordinator.ProcessPropagatorQueueAsync(CancellationToken ct)
2026-04-28 09:09:23.307 +02:00 [DBG] UI[Tray] State updated to "Error"
2026-04-28 09:09:23.307 +02:00 [DBG] WEBDAV_REQUEST LOCK https://raw.wincasa-010.slbox.io:9443/instance_399/Win-CASA/Nachweise/Drucken_POSTAUSGANG Timeout=600s
2026-04-28 09:09:23.311 +02:00 [DBG] WEBDAV_RESPONSE LOCK https://raw.wincasa-010.slbox.io:9443/instance_399/Win-CASA/Nachweise/Drucken_POSTAUSGANG 404 3ms
2026-04-28 09:09:23.311 +02:00 [ERR] Propagator job failed: a91951481a182760640c02119b84c8f6e3877d233480c6d2d752a9bd586fc6f9 "DeleteRemote" C:\Users\jfischerk\CloudDrive\Win-CASA\Nachweise\Drucken_POSTAUSGANG
System.Net.Http.HttpRequestException: Response status code does not indicate success: 404 (Not Found).
   at System.Net.Http.HttpResponseMessage.EnsureSuccessStatusCode()
   at CloudDrive.Core.WebDav.WebDavService.LockAsync(String remotePath, WebDavLockRequest request, CancellationToken ct)
   at CloudDrive.Core.SyncEngine.WebDavLockCoordinator.AcquireWriteLockAsync(String localPath, String remotePath, CancellationToken ct)
   at CloudDrive.Core.SyncEngine.Propagator.DeleteRemoteAsync(ReconcileAction action, CancellationToken ct)
   at CloudDrive.Core.SyncEngine.Propagator.ApplyAsync(ReconcileAction action, CancellationToken ct)
   at CloudDrive.Core.SyncEngine.RetryPolicy.<>c__DisplayClass4_0.<<ExecuteAsync>b__0>d.MoveNext()
--- End of stack trace from previous location ---
   at CloudDrive.Core.SyncEngine.RetryPolicy.ExecuteAsync[T](Func`1 action, String operationName, CancellationToken ct)
   at CloudDrive.Core.SyncEngine.RetryPolicy.ExecuteAsync(Func`1 action, String operationName, CancellationToken ct)
   at CloudDrive.Core.SyncEngine.SyncCoordinator.ProcessPropagatorQueueAsync(CancellationToken ct)
2026-04-28 09:09:23.314 +02:00 [WRN] Connection lost after 3 consecutive failures
2026-04-28 09:09:23.317 +02:00 [WRN] Problem recorded: "Connection" Connection lost LocalPath=null RemotePath=https://raw.wincasa-010.slbox.io:9443/instance_399 DedupeKey=connection:https://raw.wincasa-010.slbox.io:9443/instance_399
2026-04-28 09:09:23.317 +02:00 [INF] Explorer visual state: "Connected" -> "Disconnected"
2026-04-28 09:09:23.317 +02:00 [DBG] CfUpdateSyncProviderStatus set to "CF_PROVIDER_STATUS_CONNECTIVITY_LOST"
2026-04-28 09:09:23.317 +02:00 [INF] Explorer item update notified for C:\Users\jfischerk\CloudDrive
2026-04-28 09:09:23.319 +02:00 [INF] Explorer directory update notified for C:\Users\jfischerk\CloudDrive
2026-04-28 09:09:23.320 +02:00 [INF] Explorer refresh requested for C:\Users\jfischerk\CloudDrive
2026-04-28 09:09:23.390 +02:00 [INF] Explorer refresh completed for C:\Users\jfischerk\CloudDrive (windowsRefreshed=0)
2026-04-28 09:09:23.390 +02:00 [DBG] ReRegisterWithIconAsync debounced — skipping
2026-04-28 09:09:23.393 +02:00 [INF] Mount phase: "Ready" → "ConnectionLost"
2026-04-28 09:09:23.393 +02:00 [INF] Reconnection attempt 1 — waiting 5s (disconnected 0m 0s)
2026-04-28 09:09:23.394 +02:00 [DBG] WEBDAV_REQUEST LOCK https://raw.wincasa-010.slbox.io:9443/instance_399/Win-CASA/Nachweise/E-MAIL_POSTAUSGANG Timeout=600s
2026-04-28 09:09:23.398 +02:00 [DBG] WEBDAV_RESPONSE LOCK https://raw.wincasa-010.slbox.io:9443/instance_399/Win-CASA/Nachweise/E-MAIL_POSTAUSGANG 404 3ms
2026-04-28 09:09:23.398 +02:00 [ERR] Propagator job failed: 31ebfdaf17c069066fa4b3acbb7b7ab8531b4539ba7c740619a60786ebfeca72 "DeleteRemote" C:\Users\jfischerk\CloudDrive\Win-CASA\Nachweise\E-MAIL_POSTAUSGANG
System.Net.Http.HttpRequestException: Response status code does not indicate success: 404 (Not Found).
   at System.Net.Http.HttpResponseMessage.EnsureSuccessStatusCode()
   at CloudDrive.Core.WebDav.WebDavService.LockAsync(String remotePath, WebDavLockRequest request, CancellationToken ct)
   at CloudDrive.Core.SyncEngine.WebDavLockCoordinator.AcquireWriteLockAsync(String localPath, String remotePath, CancellationToken ct)
   at CloudDrive.Core.SyncEngine.Propagator.DeleteRemoteAsync(ReconcileAction action, CancellationToken ct)
   at CloudDrive.Core.SyncEngine.Propagator.ApplyAsync(ReconcileAction action, CancellationToken ct)
   at CloudDrive.Core.SyncEngine.RetryPolicy.<>c__DisplayClass4_0.<<ExecuteAsync>b__0>d.MoveNext()
--- End of stack trace from previous location ---
   at CloudDrive.Core.SyncEngine.RetryPolicy.ExecuteAsync[T](Func`1 action, String operationName, CancellationToken ct)
   at CloudDrive.Core.SyncEngine.RetryPolicy.ExecuteAsync(Func`1 action, String operationName, CancellationToken ct)
   at CloudDrive.Core.SyncEngine.SyncCoordinator.ProcessPropagatorQueueAsync(CancellationToken ct)
2026-04-28 09:09:23.624 +02:00 [DBG] FETCH_PLACEHOLDERS callback: \Users\jfischerk\CloudDrive
2026-04-28 09:09:23.625 +02:00 [DBG] PlaceholderManager[Fetch] ActivityId=15b77d3c WebDAV not ready, rejecting: \Users\jfischerk\CloudDrive
2026-04-28 09:09:23.625 +02:00 [DBG] FETCH_PLACEHOLDERS deduplicated (cooldown): \Users\jfischerk\CloudDrive
2026-04-28 09:09:25.765 +02:00 [INF] UI[Tray] MouseUp button="Right"
2026-04-28 09:09:26.629 +02:00 [INF] UI[Tray] Quit requested
2026-04-28 09:09:26.656 +02:00 [DBG] Hosting stopping
2026-04-28 09:09:26.657 +02:00 [INF] Application is shutting down...
2026-04-28 09:09:26.682 +02:00 [INF] Process exiting
